med,med_id,med_name
435 albuterol,435,albuterol
9873 sodium fluoride,9873,sodium fluoride
1309404 ipratropium bromide monohydrate,1309404,ipratropium bromide monohydrate
2231 cephalexin,2231,cephalexin
1170620 adderall pill,1170620,adderall pill
1174306 augmentin oral liquid product,1174306,augmentin oral liquid product
58930 zyrtec,58930,zyrtec
58827 prozac,58827,prozac
50121 fluticasone propionate,50121,fluticasone propionate
20610 cetirizine,20610,cetirizine
84815 adderall,84815,adderall
284704 concerta,284704,concerta
1600699 amphetamine sulfate 5 mg [evekeo],1600699,amphetamine sulfate 5 mg [evekeo]
203188 methylphenidate hydrochloride,203188,methylphenidate hydrochloride
370331 methylphenidate extended release oral tablet [concerta],370331,methylphenidate extended release oral tablet [concerta]
1720590 dyanavel oral liquid product,1720590,dyanavel oral liquid product
83373 flonase,83373,flonase
687225 albuterol / beclomethasone,687225,albuterol / beclomethasone
t127 vitamin,t127,vitamin
153010 advil,153010,advil
330047 montelukast 5 mg,330047,montelukast 5 mg
1154602 albuterol inhalant product,1154602,albuterol inhalant product
7646 omeprazole,7646,omeprazole
1163483 methylphenidate pill,1163483,methylphenidate pill
1182487 prozac pill,1182487,prozac pill
1020023 cetirizine hydrochloride 10 mg oral capsule [zyrtec],1020023,cetirizine hydrochloride 10 mg oral capsule [zyrtec]
4493 fluoxetine,4493,fluoxetine
203576 claritin,203576,claritin
2599 clonidine,2599,clonidine
404408 escitalopram 5 mg oral tablet [lexapro],404408,escitalopram 5 mg oral tablet [lexapro]
1169793 flovent inhalant product,1169793,flovent inhalant product
830645 830645,830645,830645
891178 terbinafine 250 mg oral tablet [terbinex],891178,terbinafine 250 mg oral tablet [terbinex]
236146 dextromethorphan polistirex,236146,dextromethorphan polistirex
5640 ibuprofen,5640,ibuprofen
1720587 dyanavel,1720587,dyanavel
884175 clonidine hydrochloride 0.1 mg oral tablet [catapres],884175,clonidine hydrochloride 0.1 mg oral tablet [catapres]
no results were returned,no,results were returned
217152 flovent,217152,flovent
93904 fluoxetine oral capsule [prozac],93904,fluoxetine oral capsule [prozac]
1171319 advate injectable product,1171319,advate injectable product
316068 hydroxyurea 300 mg,316068,hydroxyurea 300 mg
196213 fluoride ion,196213,fluoride ion
215741 bromfed dm,215741,bromfed dm
899462 dexmethylphenidate hydrochloride 15 mg [focalin],899462,dexmethylphenidate hydrochloride 15 mg [focalin]
153889 singulair,153889,singulair
1490668 120 actuat beclomethasone dipropionate 0.08 mg/actuat metered dose inhaler [qvar],1490668,120 actuat beclomethasone dipropionate 0.08 mg/actuat metered dose inhaler [qvar]
36437 sertraline,36437,sertraline
352372 dexmethylphenidate,352372,dexmethylphenidate
82728 zoloft,82728,zoloft
1187604 vyvanse pill,1187604,vyvanse pill
6901 methylphenidate,6901,methylphenidate
1801248 flonase nasal product,1801248,flonase nasal product
1185492 symbicort inhalant product,1185492,symbicort inhalant product
40114 guanfacine,40114,guanfacine
1165655 fluticasone inhalant product,1165655,fluticasone inhalant product
202829 norditropin,202829,norditropin
1248842 beclomethasone dipropionate 0.08 mg/actuat [qnasl],1248842,beclomethasone dipropionate 0.08 mg/actuat [qnasl]
1170055 keppra pill,1170055,keppra pill
369654 montelukast chewable tablet [singulair],369654,montelukast chewable tablet [singulair]
226084 qvar,226084,qvar
5492 hydrocortisone,5492,hydrocortisone
261702 xopenex,261702,xopenex
647295 proair,647295,proair
594111 metadate,594111,metadate
723 amoxicillin,723,amoxicillin
1661103 acetaminophen chewable tablet [pediacare children's fever reducer pain reliever],1661103,acetaminophen chewable tablet [pediacare children's fever reducer pain reliever]
745752 200 actuat albuterol 0.09 mg/actuat metered dose inhaler [proair],745752,200 actuat albuterol 0.09 mg/actuat metered dose inhaler [proair]
66981 zofran,66981,zofran
899497 24 hr dexmethylphenidate hydrochloride 30 mg extended release oral capsule [focalin],899497,24 hr dexmethylphenidate hydrochloride 30 mg extended release oral capsule [focalin]
859088 200 actuat albuterol 0.09 mg/actuat metered dose inhaler [ventolin],859088,200 actuat albuterol 0.09 mg/actuat metered dose inhaler [ventolin]
323986 ofloxacin 3 mg/ml,323986,ofloxacin 3 mg/ml
1183693 singulair oral product,1183693,singulair oral product
3289 dextromethorphan,3289,dextromethorphan
1177118 qvar inhalant product,1177118,qvar inhalant product
8640 prednisone,8640,prednisone
2176 2176,2176,2176
236599 olopatadine hydrochloride,236599,olopatadine hydrochloride
711043 vyvanse,711043,vyvanse
203457 benadryl,203457,benadryl
1296363 singulair chewable product,1296363,singulair chewable product
358330 strattera,358330,strattera
1649960 proair inhalant product,1649960,proair inhalant product
224917 ritalin,224917,ritalin
1296601 claritin disintegrating oral product,1296601,claritin disintegrating oral product
1151133 pill,1151133,pill
70618 penicillin,70618,penicillin
1166659 allegra oral liquid product,1166659,allegra oral liquid product
155137 sertraline hydrochloride,155137,sertraline hydrochloride
1171569 claritin pill,1171569,claritin pill
801094 albuterol metered dose inhaler [ventolin],801094,albuterol metered dose inhaler [ventolin]
1156276 ibuprofen oral liquid product,1156276,ibuprofen oral liquid product
329100 amoxicillin 200 mg,329100,amoxicillin 200 mg
702425 702425,702425,702425
1296339 ludent chewable product,1296339,ludent chewable product
6711 melatonin,6711,melatonin
1348 beclomethasone dipropionate,1348,beclomethasone dipropionate
126542 nasal spray,126542,nasal spray
827189 ranitidine 150 mg oral tablet [zantac],827189,ranitidine 150 mg oral tablet [zantac]
704 amitriptyline,704,amitriptyline
1312584 quillivant,1312584,quillivant
367925 cetirizine oral tablet [zyrtec],367925,cetirizine oral tablet [zyrtec]
862007 intuniv,862007,intuniv
1158298 dexmethylphenidate pill,1158298,dexmethylphenidate pill
356767 356767,356767,356767
1168123 concerta pill,1168123,concerta pill
995258 hydroxyzine hydrochloride 25 mg oral tablet,995258,hydroxyzine hydrochloride 25 mg oral tablet
1182870 nexium pill,1182870,nexium pill
1301247 delsym cough relief plus soothing action,1301247,delsym cough relief plus soothing action
29115 maalox,29115,maalox
142153 albuterol sulfate,142153,albuterol sulfate
59943 imiquimod,59943,imiquimod
441005 ketoconazole topical gel,441005,ketoconazole topical gel
1171881 focalin pill,1171881,focalin pill
476365 methylphenidate chewable tablet,476365,methylphenidate chewable tablet
261575 miralax,261575,miralax
352272 escitalopram 10 mg oral tablet [lexapro],352272,escitalopram 10 mg oral tablet [lexapro]
3013 cyproheptadine,3013,cyproheptadine
8887 ventolin,8887,ventolin
1312587 quillivant oral liquid product,1312587,quillivant oral liquid product
476810 mirtazapine 7.5 mg,476810,mirtazapine 7.5 mg
1156682 gabapentin pill,1156682,gabapentin pill
196474 zithromax,196474,zithromax
9143 ranitidine,9143,ranitidine
377712 hydrocortisone topical cream,377712,hydrocortisone topical cream
312828 risperidone 0.25 mg oral tablet,312828,risperidone 0.25 mg oral tablet
1187313 tylenol pm oral product,1187313,tylenol pm oral product
476577 cefdinir 50 mg/ml,476577,cefdinir 50 mg/ml
1177856 tamiflu pill,1177856,tamiflu pill
1363235 guaifenesin / phenylephrine oral tablet [wal-phed pe non-drying sinus],1363235,guaifenesin / phenylephrine oral tablet [wal-phed pe non-drying sinus]
367718 levothyroxine oral tablet [levothroid],367718,levothyroxine oral tablet [levothroid]
398335 xyzal,398335,xyzal
1171570 claritin-d oral product,1171570,claritin-d oral product
4053 erythromycin,4053,erythromycin
221088 dextroamphetamine saccharate,221088,dextroamphetamine saccharate
616447 mycophenolate mofetil 250 mg oral capsule [cellcept],616447,mycophenolate mofetil 250 mg oral capsule [cellcept]
1020017 cetirizine hydrochloride 1 mg/ml oral solution [aller-tec],1020017,cetirizine hydrochloride 1 mg/ml oral solution [aller-tec]
899484 dexmethylphenidate hydrochloride 20 mg,899484,dexmethylphenidate hydrochloride 20 mg
1296133 lactaid chewable product,1296133,lactaid chewable product
220917 vivarin,220917,vivarin
88249 montelukast,88249,montelukast
644964 omnitrope,644964,omnitrope
1007531 cannabinol / tetrahydrocannabinol,1007531,cannabinol / tetrahydrocannabinol
1359005 amoxicillin 150 mg oral tablet [amoxi-tabs],1359005,amoxicillin 150 mg oral tablet [amoxi-tabs]
328670 sertraline 100 mg,328670,sertraline 100 mg
1187868 ventolin inhalant product,1187868,ventolin inhalant product
1170053 keppra oral liquid product,1170053,keppra oral liquid product
32675 oxybutynin,32675,oxybutynin
6218 lactulose,6218,lactulose
104781 risperidone 1 mg oral tablet [risperdal],104781,risperidone 1 mg oral tablet [risperdal]
352654 focalin,352654,focalin
1248741 melatonin 5 mg disintegrating oral tablet,1248741,melatonin 5 mg disintegrating oral tablet
83553 seroquel,83553,seroquel
826063 methylphenidate extended release oral tablet [ritalin],826063,methylphenidate extended release oral tablet [ritalin]
861723 sodium fluoride chewable tablet [fluoritab],861723,sodium fluoride chewable tablet [fluoritab]
206511 hydrocortisone 10 mg/ml / neomycin 3.5 mg/ml / polymyxin b 10000 unt/ml otic solution [cortisporin],206511,hydrocortisone 10 mg/ml / neomycin 3.5 mg/ml / polymyxin b 10000 unt/ml otic solution [cortisporin]
41126 fluticasone,41126,fluticasone
207287 metronidazole 250 mg oral tablet [flagyl],207287,metronidazole 250 mg oral tablet [flagyl]
617339 amoxicillin 50 mg/ml / clavulanate 12.5 mg/ml oral suspension [augmentin],617339,amoxicillin 50 mg/ml / clavulanate 12.5 mg/ml oral suspension [augmentin]
1173446 intuniv oral product,1173446,intuniv oral product
203302 sudafed,203302,sudafed
7597 7597,7597,7597
356739 alvesco,356739,alvesco
1171309 advair inhalant product,1171309,advair inhalant product
617614 fluoridex,617614,fluoridex
1186638 xyzal pill,1186638,xyzal pill
372232 fluoxetine oral solution,372232,fluoxetine oral solution
28889 loratadine,28889,loratadine
1347 beclomethasone,1347,beclomethasone
352085 pimecrolimus 10 mg/ml topical cream [elidel],352085,pimecrolimus 10 mg/ml topical cream [elidel]
1187603 vyvanse oral product,1187603,vyvanse oral product
376410 amphetamine / dextroamphetamine oral tablet,376410,amphetamine / dextroamphetamine oral tablet
329156 ranitidine 75 mg,329156,ranitidine 75 mg
1727444 quillichew,1727444,quillichew
636223 azelastine ophthalmic solution [optivar],636223,azelastine ophthalmic solution [optivar]
1091226 8 hr methylphenidate hydrochloride 20 mg extended release oral tablet [ritalin],1091226,8 hr methylphenidate hydrochloride 20 mg extended release oral tablet [ritalin]
573621 albuterol 0.09 mg/actuat [proventil],573621,albuterol 0.09 mg/actuat [proventil]
89013 aripiprazole,89013,aripiprazole
315288 albuterol 4 mg,315288,albuterol 4 mg
1152901 amoxicillin pill,1152901,amoxicillin pill
328671 sertraline 50 mg,328671,sertraline 50 mg
1539889 fluticasone / vilanterol dry powder inhaler [breo],1539889,fluticasone / vilanterol dry powder inhaler [breo]
1177854 tamiflu oral liquid product,1177854,tamiflu oral liquid product
315280 acyclovir 200 mg,315280,acyclovir 200 mg
372861 methylphenidate oral tablet,372861,methylphenidate oral tablet
203150 cetirizine hydrochloride,203150,cetirizine hydrochloride
206412 guanfacine 1 mg oral tablet [tenex],206412,guanfacine 1 mg oral tablet [tenex]
1186932 tylenol chest congestion oral product,1186932,tylenol chest congestion oral product
966394 levothyroxine sodium 0.1 mg [synthroid],966394,levothyroxine sodium 0.1 mg [synthroid]
316167 loratadine 10 mg,316167,loratadine 10 mg
725 amphetamine,725,amphetamine
315515 calcitriol 0.001 mg/ml,315515,calcitriol 0.001 mg/ml
1362751 melatonin chewable product,1362751,melatonin chewable product
203142 guanfacine hydrochloride,203142,guanfacine hydrochloride
30145 mometasone furoate,30145,mometasone furoate
3288 dextroamphetamine,3288,dextroamphetamine
114477 levetiracetam,114477,levetiracetam
1188167 zoloft oral liquid product,1188167,zoloft oral liquid product
350675 atomoxetine 25 mg,350675,atomoxetine 25 mg
284848 protopic,284848,protopic
371346 cephalexin oral suspension,371346,cephalexin oral suspension
1425334 dextroamphetamine oral tablet [zenzedi],1425334,dextroamphetamine oral tablet [zenzedi]
332183 melatonin 5 mg,332183,melatonin 5 mg
18603 azelastine,18603,azelastine
540479 amphetamine / dextroamphetamine extended release oral capsule [adderall],540479,amphetamine / dextroamphetamine extended release oral capsule [adderall]
1050313 clonidine hydrochloride 0.1 mg/ml [nexiclon],1050313,clonidine hydrochloride 0.1 mg/ml [nexiclon]
1171289 humalog injectable product,1171289,humalog injectable product
1172147 asmanex inhalant product,1172147,asmanex inhalant product
352777 mucinex,352777,mucinex
1178238 prilosec oral product,1178238,prilosec oral product
849517 desmopressin acetate 0.1 mg oral tablet [ddavp],849517,desmopressin acetate 0.1 mg oral tablet [ddavp]
1722333 ibuprofen 200 mg / phenylephrine hydrochloride 10 mg oral tablet [advil sinus congestion and pain],1722333,ibuprofen 200 mg / phenylephrine hydrochloride 10 mg oral tablet [advil sinus congestion and pain]
884187 clonidine hydrochloride 0.2 mg oral tablet [catapres],884187,clonidine hydrochloride 0.2 mg oral tablet [catapres]
25037 cefdinir,25037,cefdinir
7258 naproxen,7258,naproxen
1547653 arnuity inhalant product,1547653,arnuity inhalant product
1085636 triamcinolone acetonide 0.001 mg/mg topical ointment,1085636,triamcinolone acetonide 0.001 mg/mg topical ointment
153893 montelukast 5 mg chewable tablet [singulair],153893,montelukast 5 mg chewable tablet [singulair]
1358973 amoxi-tabs pill,1358973,amoxi-tabs pill
668467 loratadine 5 mg [claritin],668467,loratadine 5 mg [claritin]
846929 melatonin 20 mg oral capsule,846929,melatonin 20 mg oral capsule
1152899 amoxicillin oral liquid product,1152899,amoxicillin oral liquid product
35636 risperidone,35636,risperidone
404930 ciprodex,404930,ciprodex
301543 advair,301543,advair
315952 fluoxetine 20 mg,315952,fluoxetine 20 mg
38400 atomoxetine,38400,atomoxetine
284810 novolog,284810,novolog
1091501 methylphenidate hydrochloride 2.5 mg oral tablet,1091501,methylphenidate hydrochloride 2.5 mg oral tablet
574662 risperidone 0.25 mg [risperdal],574662,risperidone 0.25 mg [risperdal]
1174308 augmentin pill,1174308,augmentin pill
153376 nasonex,153376,nasonex
1242391 24 hr loratadine 10 mg / pseudoephedrine sulfate 240 mg extended release oral tablet [claritin-d],1242391,24 hr loratadine 10 mg / pseudoephedrine sulfate 240 mg extended release oral tablet [claritin-d]
828244 amoxicillin 775 mg [moxatag],828244,amoxicillin 775 mg [moxatag]
218002 levoxyl,218002,levoxyl
1009084 amoxicillin / clonixin,1009084,amoxicillin / clonixin
317388 ibuprofen 400 mg,317388,ibuprofen 400 mg
1292 baclofen,1292,baclofen
1185342 risperdal pill,1185342,risperdal pill
353105 dexmethylphenidate hydrochloride,353105,dexmethylphenidate hydrochloride
27199 hydrocortisone valerate,27199,hydrocortisone valerate
261624 protonix,261624,protonix
42634 desmopressin acetate,42634,desmopressin acetate
10582 thyroxine,10582,thyroxine
1091212 24 hr methylphenidate hydrochloride 54 mg extended release oral tablet [concerta],1091212,24 hr methylphenidate hydrochloride 54 mg extended release oral tablet [concerta]
1173447 intuniv pill,1173447,intuniv pill
854840 lisdexamfetamine dimesylate 40 mg oral capsule [vyvanse],854840,lisdexamfetamine dimesylate 40 mg oral capsule [vyvanse]
315369 amoxicillin 250 mg,315369,amoxicillin 250 mg
2194 cefuroxime,2194,cefuroxime
1181460 ludent pill,1181460,ludent pill
370789 albuterol inhalant powder,370789,albuterol inhalant powder
1170147 benadryl oral liquid product,1170147,benadryl oral liquid product
26225 ondansetron,26225,ondansetron
351246 montelukast 4 mg oral granules,351246,montelukast 4 mg oral granules
1187310 tylenol oral liquid product,1187310,tylenol oral liquid product
1164812 ranitidine oral liquid product,1164812,ranitidine oral liquid product
4511 folic acid,4511,folic acid
901288 sodium fluoride 1.1 mg chewable tablet [ludent],901288,sodium fluoride 1.1 mg chewable tablet [ludent]
854182 ibuprofen 100 mg/ml,854182,ibuprofen 100 mg/ml
212233 sertraline 25 mg oral tablet [zoloft],212233,sertraline 25 mg oral tablet [zoloft]
199119 omeprazole 10 mg delayed release oral capsule,199119,omeprazole 10 mg delayed release oral capsule
1182486 prozac oral product,1182486,prozac oral product
372067 erythromycin topical solution,372067,erythromycin topical solution
1727448 quillichew oral product,1727448,quillichew oral product
1174171 albenza pill,1174171,albenza pill
1175957 enbrel injectable product,1175957,enbrel injectable product
6809 metformin,6809,metformin
1091190 methylphenidate hydrochloride 40 mg,1091190,methylphenidate hydrochloride 40 mg
29046 lisinopril,29046,lisinopril
901278 sodium fluoride 0.55 mg [ludent],901278,sodium fluoride 0.55 mg [ludent]
1182535 retin-a topical product,1182535,retin-a topical product
261572 methylin,261572,methylin
1166984 dulera inhalant product,1166984,dulera inhalant product
1167956 bactrim oral product,1167956,bactrim oral product
617292 amoxicillin / clavulanate oral solution,617292,amoxicillin / clavulanate oral solution
562508 amoxicillin 875 mg / clavulanate 125 mg oral tablet,562508,amoxicillin 875 mg / clavulanate 125 mg oral tablet
202433 tylenol,202433,tylenol
1648179 aptensio pill,1648179,aptensio pill
377303 albuterol / ipratropium inhalant solution,377303,albuterol / ipratropium inhalant solution
895761 actemra,895761,actemra
1305267 auvi-q injectable product,1305267,auvi-q injectable product
370576 amoxicillin oral suspension,370576,amoxicillin oral suspension
1182821 motrin pill,1182821,motrin pill
573240 citalopram 20 mg [celexa],573240,citalopram 20 mg [celexa]
1171571 claritin-d pill,1171571,claritin-d pill
1152907 amphetamine pill,1152907,amphetamine pill
371751 dextroamphetamine extended release oral capsule,371751,dextroamphetamine extended release oral capsule
1648996 triamcinolone acetonide 0.25 mg/ml [triderm],1648996,triamcinolone acetonide 0.25 mg/ml [triderm]
1180206 strattera pill,1180206,strattera pill
745678 albuterol metered dose inhaler,745678,albuterol metered dose inhaler
316644 risperidone 1 mg/ml,316644,risperidone 1 mg/ml
1166675 aller-tec d pill,1166675,aller-tec d pill
1091155 24 hr methylphenidate hydrochloride 18 mg extended release oral tablet,1091155,24 hr methylphenidate hydrochloride 18 mg extended release oral tablet
1870386 miralax oral powder product,1870386,miralax oral powder product
1190545 atropine sulfate 0.1 mg/ml,1190545,atropine sulfate 0.1 mg/ml
863635 oxybutynin chloride 5 mg,863635,oxybutynin chloride 5 mg
1091162 methylphenidate hydrochloride 20 mg [metadate],1091162,methylphenidate hydrochloride 20 mg [metadate]
899548 dexmethylphenidate hydrochloride 10 mg oral tablet,899548,dexmethylphenidate hydrochloride 10 mg oral tablet
727341 epipen,727341,epipen
374655 methylphenidate extended release oral capsule,374655,methylphenidate extended release oral capsule
327148 symbicort,327148,symbicort
10737 trazodone,10737,trazodone
315946 sodium fluoride 1 mg,315946,sodium fluoride 1 mg
1186679 zyrtec pill,1186679,zyrtec pill
1152447 cetirizine pill,1152447,cetirizine pill
329796 guanfacine 2 mg,329796,guanfacine 2 mg
1941535 armonair inhalant product,1941535,armonair inhalant product
2598 clonazepam,2598,clonazepam
352320 atomoxetine 40 mg oral capsule [strattera],352320,atomoxetine 40 mg oral capsule [strattera]
1090518 ranitidine 150 mg oral tablet [wal-zan],1090518,ranitidine 150 mg oral tablet [wal-zan]
351136 albuterol 0.417 mg/ml inhalant solution,351136,albuterol 0.417 mg/ml inhalant solution
1159714 guanfacine oral product,1159714,guanfacine oral product
901277 ludent,901277,ludent
3992 epinephrine,3992,epinephrine
1291861 dymista,1291861,dymista
352741 lexapro,352741,lexapro
816701 guaifenesin / noscapine,816701,guaifenesin / noscapine
1922722 wal-dryl-d allergy,1922722,wal-dryl-d allergy
18631 azithromycin,18631,azithromycin
1091321 methylphenidate hydrochloride 5 mg,1091321,methylphenidate hydrochloride 5 mg
1091187 24 hr methylphenidate hydrochloride 36 mg extended release oral tablet [concerta],1091187,24 hr methylphenidate hydrochloride 36 mg extended release oral tablet [concerta]
312941 sertraline 50 mg oral tablet,312941,sertraline 50 mg oral tablet
1011483 cetirizine hydrochloride 10 mg [zyrtec],1011483,cetirizine hydrochloride 10 mg [zyrtec]
790277 mometasone furoate 0.1 mg/actuat,790277,mometasone furoate 0.1 mg/actuat
1294706 sublingual product,1294706,sublingual product
862008 guanfacine 1 mg [intuniv],862008,guanfacine 1 mg [intuniv]
1114038 dayquil cough,1114038,dayquil cough
896212 60 actuat fluticasone propionate 0.25 mg/actuat / salmeterol 0.05 mg/actuat dry powder inhaler [advair],896212,60 actuat fluticasone propionate 0.25 mg/actuat / salmeterol 0.05 mg/actuat dry powder inhaler [advair]
896243 60 actuat fluticasone propionate 0.115 mg/actuat / salmeterol 0.021 mg/actuat metered dose inhaler [advair],896243,60 actuat fluticasone propionate 0.115 mg/actuat / salmeterol 0.021 mg/actuat metered dose inhaler [advair]
352393 abilify,352393,abilify
1297046 claritin chewable product,1297046,claritin chewable product
1166177 bromfed dm oral liquid product,1166177,bromfed dm oral liquid product
2556 citalopram,2556,citalopram
1091136 methylphenidate hydrochloride 10 mg,1091136,methylphenidate hydrochloride 10 mg
1185344 ritalin pill,1185344,ritalin pill
895998 fluticasone propionate 0.11 mg/actuat,895998,fluticasone propionate 0.11 mg/actuat
372063 erythromycin ophthalmic ointment,372063,erythromycin ophthalmic ointment
1154230 desonide topical product,1154230,desonide topical product
1151461 cyproheptadine pill,1151461,cyproheptadine pill
1797933 fluticasone propionate 0.05 mg/actuat metered dose nasal spray [flonase],1797933,fluticasone propionate 0.05 mg/actuat metered dose nasal spray [flonase]
218248 maxalt,218248,maxalt
87636 fexofenadine,87636,fexofenadine
1650994 loratadine 10 mg oral tablet [cleartime indoor & outdoor allergies],1650994,loratadine 10 mg oral tablet [cleartime indoor & outdoor allergies]
405357 theraflu vapor stick,405357,theraflu vapor stick
1596 bisacodyl,1596,bisacodyl
t195 antibiotic,t195,antibiotic
876689 ondansetron disintegrating oral tablet [zofran],876689,ondansetron disintegrating oral tablet [zofran]
1185365 robafen oral liquid product,1185365,robafen oral liquid product
834102 penicillin v potassium 500 mg oral tablet,834102,penicillin v potassium 500 mg oral tablet
854903 bisoprolol fumarate 10 mg oral tablet [zebeta],854903,bisoprolol fumarate 10 mg oral tablet [zebeta]
2582 clindamycin,2582,clindamycin
103403 hydrocortisone 10 mg/ml topical lotion,103403,hydrocortisone 10 mg/ml topical lotion
1008406 albuterol / ambroxol,1008406,albuterol / ambroxol
794614 ketotifen 0.25 mg/ml ophthalmic solution [refresh eye itch relief],794614,ketotifen 0.25 mg/ml ophthalmic solution [refresh eye itch relief]
1428980 cetirizine oral solution [pediacare children's 24-hr allergy],1428980,cetirizine oral solution [pediacare children's 24-hr allergy]
135391 olopatadine,135391,olopatadine
219400 prevident,219400,prevident
81982 81982,81982,81982
1183694 singulair pill,1183694,singulair pill
1168822 dayquil cough oral liquid product,1168822,dayquil cough oral liquid product
1151 ascorbic acid,1151,ascorbic acid
349332 escitalopram 10 mg oral tablet,349332,escitalopram 10 mg oral tablet
1171880 focalin oral product,1171880,focalin oral product
860144 hydrocodone bitartrate 0.75 mg/ml,860144,hydrocodone bitartrate 0.75 mg/ml
42568 wellbutrin,42568,wellbutrin
686434 pataday,686434,pataday
998678 clonidine 0.0125 mg/hr,998678,clonidine 0.0125 mg/hr
574691 risperidone 0.5 mg [risperdal],574691,risperidone 0.5 mg [risperdal]
115713 montelukast sodium,115713,montelukast sodium
899463 24 hr dexmethylphenidate hydrochloride 15 mg extended release oral capsule [focalin],899463,24 hr dexmethylphenidate hydrochloride 15 mg extended release oral capsule [focalin]
835593 imipramine hydrochloride 10 mg oral tablet,835593,imipramine hydrochloride 10 mg oral tablet
108118 mometasone,108118,mometasone
154990 buspar,154990,buspar
197746 guanfacine 2 mg oral tablet,197746,guanfacine 2 mg oral tablet
847176 procentra,847176,procentra
1312585 methylphenidate hydrochloride 5 mg/ml [quillivant],1312585,methylphenidate hydrochloride 5 mg/ml [quillivant]
389172 omeprazole 20 mg oral tablet,389172,omeprazole 20 mg oral tablet
15996 mirtazapine,15996,mirtazapine
1250490 hydrocortisone acetate 5 mg/ml topical cream,1250490,hydrocortisone acetate 5 mg/ml topical cream
1020025 cetirizine hydrochloride 10 mg oral tablet [alleroff],1020025,cetirizine hydrochloride 10 mg oral tablet [alleroff]
3146 delsym,3146,delsym
1110806 triamcinolone acetonide 0.0005 mg/mg topical ointment [trianex],1110806,triamcinolone acetonide 0.0005 mg/mg topical ointment [trianex]
491104 tolterodine extended release oral capsule [detrol],491104,tolterodine extended release oral capsule [detrol]
5691 imipramine,5691,imipramine
1165336 loratadine oral product,1165336,loratadine oral product
349593 atomoxetine 25 mg oral capsule,349593,atomoxetine 25 mg oral capsule
861226 24 hr amphetamine aspartate 5 mg / amphetamine sulfate 5 mg / dextroamphetamine saccharate 5 mg / dextroamphetamine sulfate 5 mg extended release oral capsule [adderall],861226,24 hr amphetamine aspartate 5 mg / amphetamine sulfate 5 mg / dextroamphetamine saccharate 5 mg / dextroamphetamine sulfate 5 mg extended release oral capsule [adderall]
115698 ziprasidone,115698,ziprasidone
967523 omeprazole 20 mg [omesec],967523,omeprazole 20 mg [omesec]
1185048 metadate pill,1185048,metadate pill
324026 allegra,324026,allegra
5032 guaifenesin,5032,guaifenesin
3827 enalapril,3827,enalapril
616812 asmanex,616812,asmanex
330648 albuterol 0.4 mg/ml,330648,albuterol 0.4 mg/ml
1173136 derma-smoothe fs topical product,1173136,derma-smoothe fs topical product
854832 lisdexamfetamine dimesylate 20 mg oral capsule [vyvanse],854832,lisdexamfetamine dimesylate 20 mg oral capsule [vyvanse]
1180895 lotemax ophthalmic product,1180895,lotemax ophthalmic product
312940 sertraline 25 mg oral tablet,312940,sertraline 25 mg oral tablet
885880 24 hr clonidine hydrochloride 0.2 mg extended release oral tablet,885880,24 hr clonidine hydrochloride 0.2 mg extended release oral tablet
3251 desmopressin,3251,desmopressin
1009144 amphetamine sulfate 1.875 mg,1009144,amphetamine sulfate 1.875 mg
1114365 chlorpheniramine maleate 0.133 mg/ml / dextromethorphan hydrobromide 1 mg/ml oral solution [children's nyquil cold and cough],1114365,chlorpheniramine maleate 0.133 mg/ml / dextromethorphan hydrobromide 1 mg/ml oral solution [children's nyquil cold and cough]
1087049 loratadine 10 mg [wal-itin],1087049,loratadine 10 mg [wal-itin]
10761 triamcinolone acetonide,10761,triamcinolone acetonide
199163 melatonin 3 mg oral tablet,199163,melatonin 3 mg oral tablet
335266 naproxen 125 mg,335266,naproxen 125 mg
316074 ibuprofen 200 mg,316074,ibuprofen 200 mg
3361 dicyclomine,3361,dicyclomine
38404 topiramate,38404,topiramate
1160236 fluconazole oral product,1160236,fluconazole oral product
1163482 methylphenidate oral product,1163482,methylphenidate oral product
1427298 bacitracin 0.4 unt/mg / neomycin 0.0035 mg/mg / polymyxin b 5 unt/mg topical ointment [repara triple antibiotic],1427298,bacitracin 0.4 unt/mg / neomycin 0.0035 mg/mg / polymyxin b 5 unt/mg topical ointment [repara triple antibiotic]
312938 sertraline 100 mg oral tablet,312938,sertraline 100 mg oral tablet
1186677 zyrtec oral liquid product,1186677,zyrtec oral liquid product
5489 hydrocodone,5489,hydrocodone
899549 dexmethylphenidate hydrochloride 10 mg oral tablet [focalin],899549,dexmethylphenidate hydrochloride 10 mg oral tablet [focalin]
203029 tegretol,203029,tegretol
330935 albuterol 0.5 mg/ml,330935,albuterol 0.5 mg/ml
4617 gamma-aminobutyric acid,4617,gamma-aminobutyric acid
884173 clonidine hydrochloride 0.1 mg oral tablet,884173,clonidine hydrochloride 0.1 mg oral tablet
903890 fluvoxamine maleate 50 mg,903890,fluvoxamine maleate 50 mg
899494 dexmethylphenidate hydrochloride 30 mg,899494,dexmethylphenidate hydrochloride 30 mg
1167609 epiduo topical product,1167609,epiduo topical product
364320 ondansetron oral solution [zofran],364320,ondansetron oral solution [zofran]
198215 sodium fluoride 0.55 mg chewable tablet,198215,sodium fluoride 0.55 mg chewable tablet
39998 zonisamide,39998,zonisamide
896014 fluticasone propionate 0.05 mg/actuat,896014,fluticasone propionate 0.05 mg/actuat
203143 fluvoxamine maleate,203143,fluvoxamine maleate
"343495 insulin human, isophane 80 unt/ml",343495,"insulin human, isophane 80 unt/ml"
1185122 norditropin injectable product,1185122,norditropin injectable product
1539890 breo inhalant product,1539890,breo inhalant product
315951 fluoxetine 10 mg,315951,fluoxetine 10 mg
377831 triamcinolone topical cream,377831,triamcinolone topical cream
151399 bactrim,151399,bactrim
1187319 tylenol simply cough oral product,1187319,tylenol simply cough oral product
312829 risperidone 0.5 mg oral tablet,312829,risperidone 0.5 mg oral tablet
133008 amoxicillin trihydrate,133008,amoxicillin trihydrate
202488 motrin,202488,motrin
8519 polyethylenes,8519,polyethylenes
405953 clindamycin topical gel [clindamax],405953,clindamycin topical gel [clindamax]
1167772 imitrex pill,1167772,imitrex pill
835563 imipramine hydrochloride 25 mg,835563,imipramine hydrochloride 25 mg
25480 gabapentin,25480,gabapentin
7067 mouthwash,7067,mouthwash
1648175 aptensio,1648175,aptensio
1165656 fluticasone nasal product,1165656,fluticasone nasal product
367701 buspirone oral tablet [buspar],367701,buspirone oral tablet [buspar]
1155012 azithromycin pill,1155012,azithromycin pill
1172837 amitiza pill,1172837,amitiza pill
316131 lamotrigine 25 mg,316131,lamotrigine 25 mg
3287 dextroamphetamine sulfate,3287,dextroamphetamine sulfate
135805 humalog,135805,humalog
1187316 tylenol severe allergy oral product,1187316,tylenol severe allergy oral product
849524 desmopressin acetate 0.2 mg oral tablet [ddavp],849524,desmopressin acetate 0.2 mg oral tablet [ddavp]
1186152 lexapro oral liquid product,1186152,lexapro oral liquid product
1295502 ibuprofen chewable product,1295502,ibuprofen chewable product
1310489 ibuprofen 20 mg/ml / pseudoephedrine hydrochloride 3 mg/ml oral suspension [advil children's cold],1310489,ibuprofen 20 mg/ml / pseudoephedrine hydrochloride 3 mg/ml oral suspension [advil children's cold]
4462 fluocinonide,4462,fluocinonide
1086792 cetirizine hydrochloride 10 mg [wal-zyr],1086792,cetirizine hydrochloride 10 mg [wal-zyr]
631252 daytrana,631252,daytrana
562250 amoxicillin / clavulanate oral tablet,562250,amoxicillin / clavulanate oral tablet
203658 203658,203658,203658
1295640 montelukast chewable product,1295640,montelukast chewable product
393435 omeprazole oral tablet,393435,omeprazole oral tablet
371364 cetirizine oral tablet,371364,cetirizine oral tablet
1152786 clindamycin pill,1152786,clindamycin pill
206413 guanfacine 2 mg oral tablet [tenex],206413,guanfacine 2 mg oral tablet [tenex]
1151169 dicyclomine pill,1151169,dicyclomine pill
1165481 risperidone pill,1165481,risperidone pill
8745 promethazine,8745,promethazine
1186445 xopenex inhalant product,1186445,xopenex inhalant product
576011 atomoxetine 10 mg [strattera],576011,atomoxetine 10 mg [strattera]
744830 loratadine 10 mg disintegrating oral tablet [claritin],744830,loratadine 10 mg disintegrating oral tablet [claritin]
203204 203204,203204,203204
895996 120 actuat fluticasone propionate 0.044 mg/actuat metered dose inhaler [flovent],895996,120 actuat fluticasone propionate 0.044 mg/actuat metered dose inhaler [flovent]
1660013 1660013,1660013,1660013
1011485 cetirizine hydrochloride 10 mg disintegrating oral tablet [zyrtec],1011485,cetirizine hydrochloride 10 mg disintegrating oral tablet [zyrtec]
2590 clobetasol,2590,clobetasol
1088134 cholecalciferol 10000 unt/ml oral solution,1088134,cholecalciferol 10000 unt/ml oral solution
346161 inhalant solution,346161,inhalant solution
1170619 adderall oral product,1170619,adderall oral product
378983 desonide topical ointment,378983,desonide topical ointment
1091138 methylphenidate hydrochloride 10 mg [metadate],1091138,methylphenidate hydrochloride 10 mg [metadate]
847232 3 ml insulin glargine 100 unt/ml pen injector [lantus],847232,3 ml insulin glargine 100 unt/ml pen injector [lantus]
379076 clobetasol topical gel,379076,clobetasol topical gel
108088 alclometasone,108088,alclometasone
1186154 lexapro pill,1186154,lexapro pill
836338 loratadine 10 mg oral capsule [claritin],836338,loratadine 10 mg oral capsule [claritin]
308191 amoxicillin 500 mg oral capsule,308191,amoxicillin 500 mg oral capsule
26180 golytely,26180,golytely
261551 lantus,261551,lantus
899518 dexmethylphenidate hydrochloride 5 mg oral tablet,899518,dexmethylphenidate hydrochloride 5 mg oral tablet
569148 polymyxin b 10000 unt/ml / trimethoprim 1 mg/ml [polytrim],569148,polymyxin b 10000 unt/ml / trimethoprim 1 mg/ml [polytrim]
48470 creon,48470,creon
197743 guanabenz 4 mg oral tablet,197743,guanabenz 4 mg oral tablet
203345 prilosec,203345,prilosec
19831 budesonide,19831,budesonide
378682 montelukast oral tablet,378682,montelukast oral tablet
196487 pulmicort,196487,pulmicort
3640 doxycycline,3640,doxycycline
855168 levocetirizine dihydrochloride 0.5 mg/ml oral solution,855168,levocetirizine dihydrochloride 0.5 mg/ml oral solution
1186678 zyrtec oral product,1186678,zyrtec oral product
903316 levothyroxine sodium 0.025 mg / liothyronine sodium 0.00625 mg oral tablet [thyrolar],903316,levothyroxine sodium 0.025 mg / liothyronine sodium 0.00625 mg oral tablet [thyrolar]
847245 1.5 ml somatropin 10 mg/ml pen injector [norditropin],847245,1.5 ml somatropin 10 mg/ml pen injector [norditropin]
370656 hydroxychloroquine oral tablet,370656,hydroxychloroquine oral tablet
1256 azathioprine,1256,azathioprine
202908 proventil,202908,proventil
370893 amphetamine oral tablet,370893,amphetamine oral tablet
321988 escitalopram,321988,escitalopram
1170900 cipro pill,1170900,cipro pill
966249 levothyroxine sodium 0.175 mg oral tablet,966249,levothyroxine sodium 0.175 mg oral tablet
353103 atomoxetine hydrochloride,353103,atomoxetine hydrochloride
7804 oxycodone,7804,oxycodone
1797919 fluticasone propionate 0.05 mg/actuat metered dose nasal spray [clarispray],1797919,fluticasone propionate 0.05 mg/actuat metered dose nasal spray [clarispray]
866021 cyproheptadine hydrochloride 0.4 mg/ml oral solution,866021,cyproheptadine hydrochloride 0.4 mg/ml oral solution
1150360 1150360,1150360,1150360
791944 amoxicillin 200 mg oral tablet [biomox],791944,amoxicillin 200 mg oral tablet [biomox]
1182485 prozac oral liquid product,1182485,prozac oral liquid product
1180460 mirapex oral product,1180460,mirapex oral product
1046787 atropine sulfate 0.00388 mg/ml / hyoscyamine sulfate 0.0207 mg/ml / phenobarbital 3.24 mg/ml / scopolamine hydrobromide 0.0013 mg/ml oral solution,1046787,atropine sulfate 0.00388 mg/ml / hyoscyamine sulfate 0.0207 mg/ml / phenobarbital 3.24 mg/ml / scopolamine hydrobromide 0.0013 mg/ml oral solution
1649967 albuterol metered dose inhaler [proair],1649967,albuterol metered dose inhaler [proair]
316643 risperidone 1 mg,316643,risperidone 1 mg
619244 mometasone topical lotion [elocon],619244,mometasone topical lotion [elocon]
1157802 dexmethylphenidate oral product,1157802,dexmethylphenidate oral product
372972 mupirocin topical ointment,372972,mupirocin topical ointment
200224 montelukast 10 mg oral tablet,200224,montelukast 10 mg oral tablet
221147 polyethylene glycol 3350,221147,polyethylene glycol 3350
253146 amphetamine / dextroamphetamine,253146,amphetamine / dextroamphetamine
208149 sertraline 100 mg oral tablet [zoloft],208149,sertraline 100 mg oral tablet [zoloft]
4135 ethosuximide,4135,ethosuximide
4230 eye drops,4230,eye drops
1185222 pepto-bismol oral product,1185222,pepto-bismol oral product
10171 sulfadiazine,10171,sulfadiazine
966537 beclomethasone dipropionate 0.04 mg/actuat [qvar],966537,beclomethasone dipropionate 0.04 mg/actuat [qvar]
1186074 synthroid pill,1186074,synthroid pill
1246533 lidocaine topical cream [anecream],1246533,lidocaine topical cream [anecream]
1149363 hyoscyamine extended release oral tablet [oscimin],1149363,hyoscyamine extended release oral tablet [oscimin]
1044940 dextromethorphan hydrobromide 2 mg/ml / guaifenesin 20 mg/ml oral solution [wal-tussin dm],1044940,dextromethorphan hydrobromide 2 mg/ml / guaifenesin 20 mg/ml oral solution [wal-tussin dm]
866152 lansoprazole 30 mg disintegrating oral tablet [prevacid],866152,lansoprazole 30 mg disintegrating oral tablet [prevacid]
313850 amoxicillin 40 mg/ml oral suspension,313850,amoxicillin 40 mg/ml oral suspension
9524 sulfasalazine,9524,sulfasalazine
1091500 methylphenidate hydrochloride 5 mg oral tablet [ritalin],1091500,methylphenidate hydrochloride 5 mg oral tablet [ritalin]
705025 veramyst,705025,veramyst
42355 fluvoxamine,42355,fluvoxamine
1428983 cetirizine hydrochloride 1 mg/ml oral solution [pediacare children's 24-hr allergy],1428983,cetirizine hydrochloride 1 mg/ml oral solution [pediacare children's 24-hr allergy]
1160601 cefdinir oral liquid product,1160601,cefdinir oral liquid product
899440 dexmethylphenidate hydrochloride 10 mg [focalin],899440,dexmethylphenidate hydrochloride 10 mg [focalin]
1183780 trileptal pill,1183780,trileptal pill
358793 mometasone furoate 0.05 mg/actuat,358793,mometasone furoate 0.05 mg/actuat
1091145 8 hr methylphenidate hydrochloride 10 mg extended release oral tablet,1091145,8 hr methylphenidate hydrochloride 10 mg extended release oral tablet
1170903 ciprodex otic product,1170903,ciprodex otic product
153892 montelukast 10 mg oral tablet [singulair],153892,montelukast 10 mg oral tablet [singulair]
574556 levetiracetam 500 mg [keppra],574556,levetiracetam 500 mg [keppra]
1600688 evekeo,1600688,evekeo
1172038 advil pill,1172038,advil pill
54536 pepto-bismol,54536,pepto-bismol
564001 azithromycin 250 mg [zithromax],564001,azithromycin 250 mg [zithromax]
1186680 zyrtec-d oral product,1186680,zyrtec-d oral product
854836 lisdexamfetamine dimesylate 30 mg oral capsule [vyvanse],854836,lisdexamfetamine dimesylate 30 mg oral capsule [vyvanse]
315966 folic acid 1 mg,315966,folic acid 1 mg
372595 levothyroxine oral tablet,372595,levothyroxine oral tablet
1152132 citalopram pill,1152132,citalopram pill
833007 desmopressin acetate 0.2 mg,833007,desmopressin acetate 0.2 mg
1170796 benadryl-d allergy and sinus oral product,1170796,benadryl-d allergy and sinus oral product
316582 prednisone 20 mg,316582,prednisone 20 mg
1154605 albuterol oral product,1154605,albuterol oral product
1187044 zarontin pill,1187044,zarontin pill
1187033 zantac pill,1187033,zantac pill
312137 oxcarbazepine 300 mg oral tablet,312137,oxcarbazepine 300 mg oral tablet
1607789 jadenu pill,1607789,jadenu pill
1091156 methylphenidate hydrochloride 18 mg [concerta],1091156,methylphenidate hydrochloride 18 mg [concerta]
1158195 sertraline pill,1158195,sertraline pill
370579 amoxicillin oral tablet,370579,amoxicillin oral tablet
142432 clonidine hydrochloride,142432,clonidine hydrochloride
261657 tamiflu,261657,tamiflu
4419 fish oils,4419,fish oils
350963 levalbuterol 0.103 mg/ml,350963,levalbuterol 0.103 mg/ml
152318 risperdal,152318,risperdal
899441 24 hr dexmethylphenidate hydrochloride 10 mg extended release oral capsule [focalin],899441,24 hr dexmethylphenidate hydrochloride 10 mg extended release oral capsule [focalin]
1312588 quillivant oral product,1312588,quillivant oral product
866144 cyproheptadine hydrochloride 4 mg oral tablet,866144,cyproheptadine hydrochloride 4 mg oral tablet
343177 albuterol 8 mg,343177,albuterol 8 mg
1543092 eloctate injectable product,1543092,eloctate injectable product
567806 methimazole 5 mg [tapazole],567806,methimazole 5 mg [tapazole]
1171992 humira injectable product,1171992,humira injectable product
315945 sodium fluoride 0.5 mg/ml,315945,sodium fluoride 0.5 mg/ml
1168122 concerta oral product,1168122,concerta oral product
1170962 cortizone-10 topical product,1170962,cortizone-10 topical product
1153196 ampicillin oral liquid product,1153196,ampicillin oral liquid product
1091157 24 hr methylphenidate hydrochloride 18 mg extended release oral tablet [concerta],1091157,24 hr methylphenidate hydrochloride 18 mg extended release oral tablet [concerta]
1086706 meloxicam 5 mg/ml,1086706,meloxicam 5 mg/ml
311759 montelukast 4 mg chewable tablet,311759,montelukast 4 mg chewable tablet
42372 mupirocin,42372,mupirocin
371532 citalopram oral tablet,371532,citalopram oral tablet
1182471 proventil inhalant product,1182471,proventil inhalant product
755475 loratadine 1 mg/ml oral solution [alavert],755475,loratadine 1 mg/ml oral solution [alavert]
997488 fexofenadine hydrochloride 30 mg oral tablet,997488,fexofenadine hydrochloride 30 mg oral tablet
884527 dextroamphetamine sulfate 10 mg [dexedrine],884527,dextroamphetamine sulfate 10 mg [dexedrine]
197454 cephalexin 500 mg oral tablet,197454,cephalexin 500 mg oral tablet
1162750 topiramate pill,1162750,topiramate pill
707591 alaway,707591,alaway
10759 triamcinolone,10759,triamcinolone
83099 omnicef,83099,omnicef
577959 amphetamine / dextroamphetamine oral tablet [adderall],577959,amphetamine / dextroamphetamine oral tablet [adderall]
1152875 amoxicillin / clavulanate pill,1152875,amoxicillin / clavulanate pill
3538 cromolyn sodium,3538,cromolyn sodium
1187407 vivotif pill,1187407,vivotif pill
51272 quetiapine,51272,quetiapine
1167959 bactrim pill,1167959,bactrim pill
605864 tylenol simply cough,605864,tylenol simply cough
1372704 dulera,1372704,dulera
865258 aller-tec,865258,aller-tec
"311028 insulin human, isophane 100 unt/ml injectable suspension",311028,"insulin human, isophane 100 unt/ml injectable suspension"
1159343 sodium fluoride pill,1159343,sodium fluoride pill
260101 260101,260101,260101
7623 ofloxacin,7623,ofloxacin
351137 albuterol 0.21 mg/ml inhalant solution,351137,albuterol 0.21 mg/ml inhalant solution
371716 desmopressin oral tablet,371716,desmopressin oral tablet
1176895 tums pill,1176895,tums pill
1170149 benadryl pill,1170149,benadryl pill
11253 vitamin d,11253,vitamin d
203852 lupron,203852,lupron
1177101 prevacid oral product,1177101,prevacid oral product
884174 clonidine hydrochloride 0.1 mg [catapres],884174,clonidine hydrochloride 0.1 mg [catapres]
"1653106 insulin lispro / insulin, protamine lispro, human pen injector [humalog mix]",1653106,"insulin lispro / insulin, protamine lispro, human pen injector [humalog mix]"
1165950 abilify pill,1165950,abilify pill
1161178 vitamin e oral product,1161178,vitamin e oral product
583299 dexmethylphenidate extended release oral capsule [focalin],583299,dexmethylphenidate extended release oral capsule [focalin]
466541 neomycin / polymyxin b,466541,neomycin / polymyxin b
315796 diazepam 10 mg,315796,diazepam 10 mg
1301668 rezyst probiotic pill,1301668,rezyst probiotic pill
1040032 latuda,1040032,latuda
1091379 methylphenidate hydrochloride 10 mg oral tablet [ritalin],1091379,methylphenidate hydrochloride 10 mg oral tablet [ritalin]
1160837 fluoxetine pill,1160837,fluoxetine pill
728109 oseltamivir 30 mg oral capsule,728109,oseltamivir 30 mg oral capsule
316072 ibuprofen 100 mg,316072,ibuprofen 100 mg
197123 humatrope,197123,humatrope
1182817 motrin oral liquid product,1182817,motrin oral liquid product
134920 maxitrol,134920,maxitrol
372305 gentamicin sulfate (usp) otic solution,372305,gentamicin sulfate (usp) otic solution
39173 doxazosin mesylate,39173,doxazosin mesylate
1202 1202,1202,1202
378713 dexmethylphenidate oral tablet,378713,dexmethylphenidate oral tablet
1165335 loratadine oral liquid product,1165335,loratadine oral liquid product
1178239 prilosec pill,1178239,prilosec pill
1159715 guanfacine pill,1159715,guanfacine pill
1539887 breo,1539887,breo
315449 azithromycin 250 mg,315449,azithromycin 250 mg
1295175 amoxicillin chewable product,1295175,amoxicillin chewable product
1168701 buspar pill,1168701,buspar pill
1648191 methylphenidate hydrochloride 30 mg [aptensio],1648191,methylphenidate hydrochloride 30 mg [aptensio]
368610 amoxicillin oral tablet [amoxil],368610,amoxicillin oral tablet [amoxil]
317451 omeprazole 40 mg,317451,omeprazole 40 mg
809979 vimpat,809979,vimpat
1007849 triamcinolone / urea,1007849,triamcinolone / urea
1739804 adzenys,1739804,adzenys
1008032 melatonin / theanine,1008032,melatonin / theanine
108758 mupirocin 0.02 mg/mg nasal ointment [bactroban],108758,mupirocin 0.02 mg/mg nasal ointment [bactroban]
220065 sucraid,220065,sucraid
855480 alclometasone dipropionate 0.0005 mg/mg topical ointment,855480,alclometasone dipropionate 0.0005 mg/mg topical ointment
1020026 cetirizine hydrochloride 10 mg oral tablet [zyrtec],1020026,cetirizine hydrochloride 10 mg oral tablet [zyrtec]
8536 polymyxin b,8536,polymyxin b
104582 albuterol 0.1 mg/actuat / cromolyn 1 mg/actuat inhalant solution,104582,albuterol 0.1 mg/actuat / cromolyn 1 mg/actuat inhalant solution
404595 levetiracetam 100 mg/ml oral solution [keppra],404595,levetiracetam 100 mg/ml oral solution [keppra]
261367 montelukast 4 mg chewable tablet [singulair],261367,montelukast 4 mg chewable tablet [singulair]
91058 chewable tablet,91058,chewable tablet
23663 doxycycline hyclate,23663,doxycycline hyclate
1091395 methylphenidate hydrochloride 20 mg oral tablet [ritalin],1091395,methylphenidate hydrochloride 20 mg oral tablet [ritalin]
6851 methotrexate,6851,methotrexate
151314 albutein,151314,albutein
152633 cellcept,152633,cellcept
1170148 benadryl oral product,1170148,benadryl oral product
1171197 fluoridex dental product,1171197,fluoridex dental product
1185343 ritalin oral product,1185343,ritalin oral product
1245274 aerospan inhalant product,1245274,aerospan inhalant product
1246309 formoterol fumarate 0.005 mg/actuat / mometasone furoate 0.1 mg/actuat [dulera],1246309,formoterol fumarate 0.005 mg/actuat / mometasone furoate 0.1 mg/actuat [dulera]
28439 lamotrigine,28439,lamotrigine
1187032 zantac oral product,1187032,zantac oral product
7984 penicillin v,7984,penicillin v
224920 synthroid,224920,synthroid
152523 zantac,152523,zantac
901334 topiramate 25 mg oral tablet [topiragen],901334,topiramate 25 mg oral tablet [topiragen]
5553 hydroxyzine,5553,hydroxyzine
374371 desmopressin nasal spray,374371,desmopressin nasal spray
10627 tobramycin,10627,tobramycin
2626 clozapine,2626,clozapine
1164010 hydrocortisone pill,1164010,hydrocortisone pill
858068 colcrys,858068,colcrys
1152873 amoxicillin / clavulanate oral liquid product,1152873,amoxicillin / clavulanate oral liquid product
350677 atomoxetine 60 mg,350677,atomoxetine 60 mg
405790 amoxicillin 20 mg/ml,405790,amoxicillin 20 mg/ml
236065 dorzolamide hydrochloride,236065,dorzolamide hydrochloride
1648197 methylphenidate hydrochloride 50 mg [aptensio],1648197,methylphenidate hydrochloride 50 mg [aptensio]
1091211 methylphenidate hydrochloride 54 mg [concerta],1091211,methylphenidate hydrochloride 54 mg [concerta]
242438 montelukast 5 mg chewable tablet,242438,montelukast 5 mg chewable tablet
819757 ambroxol / clenbuterol,819757,ambroxol / clenbuterol
343086 lansoprazole 15 mg,343086,lansoprazole 15 mg
329444 citalopram 20 mg,329444,citalopram 20 mg
68244 lamivudine,68244,lamivudine
1514 betamethasone,1514,betamethasone
220879 vitamin c tr,220879,vitamin c tr
108889 albuterol 2.5 mg/actuat / ipratropium 0.5 mg/actuat inhalant solution,108889,albuterol 2.5 mg/actuat / ipratropium 0.5 mg/actuat inhalant solution
900372 cetirizine oral capsule,900372,cetirizine oral capsule
331477 risperidone 0.25 mg,331477,risperidone 0.25 mg
71556 tenex,71556,tenex
17128 lansoprazole,17128,lansoprazole
895019 strattera 10/18/25/40 kit,895019,strattera 10/18/25/40 kit
211322 mirtazapine 15 mg oral tablet [remeron],211322,mirtazapine 15 mg oral tablet [remeron]
42954 vitamin b6,42954,vitamin b6
1014672 cetirizine hydrochloride 1 mg/ml,1014672,cetirizine hydrochloride 1 mg/ml
89959 phosphatidylserine,89959,phosphatidylserine
1157312 montelukast pill,1157312,montelukast pill
379242 calcipotriene topical ointment,379242,calcipotriene topical ointment
606971 acetylcysteine 600 mg oral capsule,606971,acetylcysteine 600 mg oral capsule
615172 aripiprazole 2 mg oral tablet [abilify],615172,aripiprazole 2 mg oral tablet [abilify]
1539993 little colds mucus relief oral product,1539993,little colds mucus relief oral product
334972 hydrocortisone 2.5 mg,334972,hydrocortisone 2.5 mg
94557 vicks vaporub,94557,vicks vaporub
1797932 fluticasone metered dose nasal spray [flonase],1797932,fluticasone metered dose nasal spray [flonase]
373868 sertraline oral tablet,373868,sertraline oral tablet
1115 trihexyphenidyl hydrochloride,1115,trihexyphenidyl hydrochloride
1188169 zoloft pill,1188169,zoloft pill
1172079 afrin inhalant product,1172079,afrin inhalant product
119565 tolterodine,119565,tolterodine
351249 escitalopram 5 mg oral tablet,351249,escitalopram 5 mg oral tablet
3014 cyproterone,3014,cyproterone
284593 methotrexate 10 mg oral tablet [trexall],284593,methotrexate 10 mg oral tablet [trexall]
862014 guanfacine 2 mg [intuniv],862014,guanfacine 2 mg [intuniv]
83156 prevacid,83156,prevacid
900438 ibuprofen 200 mg oral tablet [ultraprin],900438,ibuprofen 200 mg oral tablet [ultraprin]
330694 guanfacine 1 mg,330694,guanfacine 1 mg
1175624 lantus injectable product,1175624,lantus injectable product
1153386 clonidine pill,1153386,clonidine pill
1370512 metoprolol succinate 50 mg [toprol],1370512,metoprolol succinate 50 mg [toprol]
1157375 ethosuximide pill,1157375,ethosuximide pill
42316 tacrolimus,42316,tacrolimus
5552 hydroxyurea,5552,hydroxyurea
371362 cetirizine oral solution,371362,cetirizine oral solution
3264 dexamethasone,3264,dexamethasone
1152444 cetirizine / pseudoephedrine pill,1152444,cetirizine / pseudoephedrine pill
1742499 fluticasone propionate 0.05 mg/actuat [clarispray],1742499,fluticasone propionate 0.05 mg/actuat [clarispray]
995252 hydroxyzine hydrochloride 25 mg,995252,hydroxyzine hydrochloride 25 mg
1165480 risperidone oral product,1165480,risperidone oral product
1648182 methylphenidate hydrochloride 15 mg,1648182,methylphenidate hydrochloride 15 mg
8629 prazosin,8629,prazosin
1801252 dymista nasal product,1801252,dymista nasal product
41493 meloxicam,41493,meloxicam
1165365 mirtazapine pill,1165365,mirtazapine pill
208161 sertraline 50 mg oral tablet [zoloft],208161,sertraline 50 mg oral tablet [zoloft]
487066 levalbuterol tartrate,487066,levalbuterol tartrate
332434 risperidone 0.5 mg,332434,risperidone 0.5 mg
1183558 pulmicort inhalant product,1183558,pulmicort inhalant product
153239 nasacort,153239,nasacort
1181447 tenex pill,1181447,tenex pill
1154606 albuterol pill,1154606,albuterol pill
368291 montelukast oral tablet [singulair],368291,montelukast oral tablet [singulair]
801095 60 actuat albuterol 0.09 mg/actuat metered dose inhaler [ventolin],801095,60 actuat albuterol 0.09 mg/actuat metered dose inhaler [ventolin]
203116 203116,203116,203116
567613 loratadine 10 mg [claritin],567613,loratadine 10 mg [claritin]
1157680 trazodone pill,1157680,trazodone pill
1797907 fluticasone propionate 0.05 mg/actuat metered dose nasal spray,1797907,fluticasone propionate 0.05 mg/actuat metered dose nasal spray
153971 atropine sulfate,153971,atropine sulfate
328498 ranitidine 15 mg/ml,328498,ranitidine 15 mg/ml
1296507 vivelle transdermal product,1296507,vivelle transdermal product
1151465 cyproterone oral product,1151465,cyproterone oral product
202363 xanax,202363,xanax
330623 azithromycin 500 mg,330623,azithromycin 500 mg
899519 dexmethylphenidate hydrochloride 5 mg oral tablet [focalin],899519,dexmethylphenidate hydrochloride 5 mg oral tablet [focalin]
196502 lamictal,196502,lamictal
647555 fluoxetine 10 mg oral tablet [sarafem],647555,fluoxetine 10 mg oral tablet [sarafem]
28815 lithium orotate,28815,lithium orotate
1170298 decadron pill,1170298,decadron pill
567250 guanfacine 1 mg [tenex],567250,guanfacine 1 mg [tenex]
368413 sertraline oral tablet [zoloft],368413,sertraline oral tablet [zoloft]
350663 aripiprazole 10 mg,350663,aripiprazole 10 mg
9863 sodium chloride,9863,sodium chloride
1180724 remeron pill,1180724,remeron pill
216459 depakote,216459,depakote
1370827 polyethylene glycol 8000000,1370827,polyethylene glycol 8000000
903886 fluvoxamine maleate 25 mg,903886,fluvoxamine maleate 25 mg
312615 prednisone 20 mg oral tablet,312615,prednisone 20 mg oral tablet
749210 sevelamer carbonate 800 mg oral tablet [renvela],749210,sevelamer carbonate 800 mg oral tablet [renvela]
856783 amitriptyline hydrochloride 10 mg oral tablet,856783,amitriptyline hydrochloride 10 mg oral tablet
329760 ferrous sulfate 325 mg,329760,ferrous sulfate 325 mg
381062 budesonide inhalant solution [pulmicort],381062,budesonide inhalant solution [pulmicort]
7213 ipratropium,7213,ipratropium
221153 quetiapine fumarate,221153,quetiapine fumarate
196488 rhinocort,196488,rhinocort
862018 guanfacine 3 mg,862018,guanfacine 3 mg
18993 benzonatate,18993,benzonatate
1110805 triamcinolone topical ointment [trianex],1110805,triamcinolone topical ointment [trianex]
692906 triaminic day time cold & cough,692906,triaminic day time cold & cough
792122 melatonin 3 mg / theanine 40 mg oral tablet,792122,melatonin 3 mg / theanine 40 mg oral tablet
1867688 dayquil hbp oral product,1867688,dayquil hbp oral product
1178119 novolog injectable product,1178119,novolog injectable product
701329 benadryl-d allergy and sinus,701329,benadryl-d allergy and sinus
1424888 fluticasone / vilanterol,1424888,fluticasone / vilanterol
966407 levothyroxine sodium 0.05 mg oral capsule,966407,levothyroxine sodium 0.05 mg oral capsule
153171 entocort,153171,entocort
565252 mometasone furoate 0.05 mg/actuat [nasonex],565252,mometasone furoate 0.05 mg/actuat [nasonex]
966158 levothyroxine sodium 0.025 mg oral tablet [synthroid],966158,levothyroxine sodium 0.025 mg oral tablet [synthroid]
1191686 prednisolone 5 mg oral tablet [prednistab],1191686,prednisolone 5 mg oral tablet [prednistab]
1091186 methylphenidate hydrochloride 36 mg [concerta],1091186,methylphenidate hydrochloride 36 mg [concerta]
197316 albuterol 2 mg oral tablet,197316,albuterol 2 mg oral tablet
353102 zyrtec-d,353102,zyrtec-d
351044 escitalopram 10 mg,351044,escitalopram 10 mg
702274 nyquil cough,702274,nyquil cough
1300272 ketoconazole 20 mg/ml topical foam [ketodan],1300272,ketoconazole 20 mg/ml topical foam [ketodan]
1174960 lac-hydrin topical product,1174960,lac-hydrin topical product
350654 aripiprazole 15 mg,350654,aripiprazole 15 mg
1010681 epinephrine 0.005 mg/ml / lidocaine hydrochloride 10 mg/ml injectable solution [xylocaine with epinephrine],1010681,epinephrine 0.005 mg/ml / lidocaine hydrochloride 10 mg/ml injectable solution [xylocaine with epinephrine]
1091167 50/50 release 24 hr methylphenidate hydrochloride 20 mg extended release oral capsule [ritalin],1091167,50/50 release 24 hr methylphenidate hydrochloride 20 mg extended release oral capsule [ritalin]
1490774 120 actuat beclomethasone dipropionate 0.04 mg/actuat metered dose inhaler [qvar],1490774,120 actuat beclomethasone dipropionate 0.04 mg/actuat metered dose inhaler [qvar]
400560 levemir,400560,levemir
1152431 cephalexin pill,1152431,cephalexin pill
315950 fluorouracil 50 mg/ml,315950,fluorouracil 50 mg/ml
153008 ibuprofen 200 mg oral tablet [advil],153008,ibuprofen 200 mg oral tablet [advil]
352951 restasis,352951,restasis
1178127 novolin n injectable product,1178127,novolin n injectable product
1177417 macrodantin pill,1177417,macrodantin pill
1165392 mometasone nasal product,1165392,mometasone nasal product
1601091 olopatadine 7 mg/ml ophthalmic solution [pazeo],1601091,olopatadine 7 mg/ml ophthalmic solution [pazeo]
619083 mometasone topical cream,619083,mometasone topical cream
372368 guanfacine oral tablet,372368,guanfacine oral tablet
312832 risperidone 3 mg oral tablet,312832,risperidone 3 mg oral tablet
373752 ranitidine oral tablet,373752,ranitidine oral tablet
569951 acetaminophen 325 mg / butalbital 50 mg [tencon],569951,acetaminophen 325 mg / butalbital 50 mg [tencon]
346188 albuterol 0.83 mg/ml,346188,albuterol 0.83 mg/ml
55062 55062,55062,55062
368139 citalopram oral tablet [celexa],368139,citalopram oral tablet [celexa]
351855 loratadine 10 mg disintegrating oral tablet [alavert],351855,loratadine 10 mg disintegrating oral tablet [alavert]
1801255 veramyst nasal product,1801255,veramyst nasal product
377110 ofloxacin injectable solution,377110,ofloxacin injectable solution
94585 acetic acid / hydrocortisone otic solution [vosol hc],94585,acetic acid / hydrocortisone otic solution [vosol hc]
367398 fluocinolone topical ointment [synalar],367398,fluocinolone topical ointment [synalar]
866110 buspirone hydrochloride 7.5 mg,866110,buspirone hydrochloride 7.5 mg
1167622 epipen injectable product,1167622,epipen injectable product
896006 120 actuat fluticasone propionate 0.22 mg/actuat metered dose inhaler [flovent],896006,120 actuat fluticasone propionate 0.22 mg/actuat metered dose inhaler [flovent]
313979 fludrocortisone 0.1 mg oral tablet,313979,fludrocortisone 0.1 mg oral tablet
1014398 microsporum audouinii allergenic extract 50 mg/ml injectable solution,1014398,microsporum audouinii allergenic extract 50 mg/ml injectable solution
995274 hydroxyzine pamoate 5 mg/ml oral suspension,995274,hydroxyzine pamoate 5 mg/ml oral suspension
608012 loratadine oral suspension,608012,loratadine oral suspension
904158 polyethylene glycol 3350 420000 mg / potassium chloride 1480 mg / sodium bicarbonate 5720 mg / sodium chloride 11200 mg powder for oral solution [trilyte],904158,polyethylene glycol 3350 420000 mg / potassium chloride 1480 mg / sodium bicarbonate 5720 mg / sodium chloride 11200 mg powder for oral solution [trilyte]
899487 24 hr dexmethylphenidate hydrochloride 20 mg extended release oral capsule [focalin],899487,24 hr dexmethylphenidate hydrochloride 20 mg extended release oral capsule [focalin]
1169779 flonase inhalant product,1169779,flonase inhalant product
565421 montelukast 5 mg [singulair],565421,montelukast 5 mg [singulair]
343108 lansoprazole 30 mg,343108,lansoprazole 30 mg
93450 neosporin ointment,93450,neosporin ointment
377281 epinephrine inhalant solution,377281,epinephrine inhalant solution
997845 gabapentin oral suspension,997845,gabapentin oral suspension
196463 prograf,196463,prograf
7226 nadolol,7226,nadolol
42347 bupropion,42347,bupropion
860802 azelastine hydrochloride 0.137 mg/actuat [astepro],860802,azelastine hydrochloride 0.137 mg/actuat [astepro]
1014677 cetirizine hydrochloride 5 mg oral tablet [zyrtec],1014677,cetirizine hydrochloride 5 mg oral tablet [zyrtec]
219610 remicade,219610,remicade
6142 6142,6142,6142
1091392 methylphenidate hydrochloride 20 mg oral tablet,1091392,methylphenidate hydrochloride 20 mg oral tablet
353382 escitalopram 5 mg,353382,escitalopram 5 mg
378650 levalbuterol inhalant solution,378650,levalbuterol inhalant solution
53654 nevirapine,53654,nevirapine
857692 triamcinolone acetonide 0.001 mg/mg,857692,triamcinolone acetonide 0.001 mg/mg
616489 quetiapine 50 mg oral tablet [seroquel],616489,quetiapine 50 mg oral tablet [seroquel]
895989 fluticasone propionate 0.5 mg/ml topical cream [cutivate],895989,fluticasone propionate 0.5 mg/ml topical cream [cutivate]
1827 buspirone,1827,buspirone
7454 nitrofurantoin,7454,nitrofurantoin
153970 hyoscyamine,153970,hyoscyamine
6574 magnesium,6574,magnesium
896026 fluticasone propionate 0.25 mg/actuat [flovent],896026,fluticasone propionate 0.25 mg/actuat [flovent]
32624 oxcarbazepine,32624,oxcarbazepine
284635 fluticasone / salmeterol,284635,fluticasone / salmeterol
90 eicosapentaenoic acid,90,eicosapentaenoic acid
90176 iron,90176,iron
1164814 ranitidine pill,1164814,ranitidine pill
895986 fluticasone propionate 0.5 mg/ml,895986,fluticasone propionate 0.5 mg/ml
574512 fluoxetine 40 mg [prozac],574512,fluoxetine 40 mg [prozac]
196458 pepcid,196458,pepcid
198013 naproxen 250 mg oral tablet,198013,naproxen 250 mg oral tablet
1488053 fexofenadine hydrochloride 180 mg oral tablet [mucinex non-drowsy allergy],1488053,fexofenadine hydrochloride 180 mg oral tablet [mucinex non-drowsy allergy]
214199 albuterol / ipratropium,214199,albuterol / ipratropium
1158450 diphenhydramine pill,1158450,diphenhydramine pill
1166309 ddavp pill,1166309,ddavp pill
884384 dextroamphetamine sulfate 10 mg,884384,dextroamphetamine sulfate 10 mg
1040028 lurasidone,1040028,lurasidone
203136 203136,203136,203136
862004 guafacine hydrochloride,862004,guafacine hydrochloride
350674 atomoxetine 18 mg,350674,atomoxetine 18 mg
8516 polyethylene glycols,8516,polyethylene glycols
106212 calamine,106212,calamine
311725 mirtazapine 15 mg oral tablet,311725,mirtazapine 15 mg oral tablet
1918210 fluticasone propionate 0.055 mg/actuat / salmeterol xinafoate 0.014 mg/actuat [airduo],1918210,fluticasone propionate 0.055 mg/actuat / salmeterol xinafoate 0.014 mg/actuat [airduo]
374185 trazodone oral tablet,374185,trazodone oral tablet
261680 trileptal,261680,trileptal
1307944 sedum roseum root extract,1307944,sedum roseum root extract
866095 buspirone hydrochloride 5 mg [buspar],866095,buspirone hydrochloride 5 mg [buspar]
216525 dexamethasone / neomycin / polymyxin b,216525,dexamethasone / neomycin / polymyxin b
378308 atomoxetine oral capsule,378308,atomoxetine oral capsule
862005 guanfacine extended release oral tablet,862005,guanfacine extended release oral tablet
862019 24 hr guanfacine 3 mg extended release oral tablet,862019,24 hr guanfacine 3 mg extended release oral tablet
315272 acetazolamide 250 mg,315272,acetazolamide 250 mg
261705 zaditor,261705,zaditor
406093 levetiracetam oral solution [keppra],406093,levetiracetam oral solution [keppra]
7276 tobramycin sulfate,7276,tobramycin sulfate
1168833 daypro pill,1168833,daypro pill
24947 ferrous sulfate,24947,ferrous sulfate
1595751 hydrocodone 60 mg,1595751,hydrocodone 60 mg
198145 prednisone 10 mg oral tablet,198145,prednisone 10 mg oral tablet
966369 levothyroxine sodium 0.3 mg [levoxyl],966369,levothyroxine sodium 0.3 mg [levoxyl]
856858 amitriptyline hydrochloride 10 mg/ml,856858,amitriptyline hydrochloride 10 mg/ml
1014674 cetirizine hydrochloride 10 mg chewable tablet,1014674,cetirizine hydrochloride 10 mg chewable tablet
259275 oseltamivir phosphate,259275,oseltamivir phosphate
2418 cholecalciferol,2418,cholecalciferol
152218 phenergan,152218,phenergan
3254 desonide,3254,desonide
213344 citalopram 20 mg oral tablet [celexa],213344,citalopram 20 mg oral tablet [celexa]
884172 clonidine hydrochloride 0.1 mg,884172,clonidine hydrochloride 0.1 mg
617313 atorvastatin 10 mg [lipitor],617313,atorvastatin 10 mg [lipitor]
1601087 pazeo,1601087,pazeo
755476 loratadine 1 mg/ml oral solution [claritin],755476,loratadine 1 mg/ml oral solution [claritin]
2878 cortisone,2878,cortisone
862026 guanfacine 4 mg [intuniv],862026,guanfacine 4 mg [intuniv]
203182 hydroxyzine pamoate,203182,hydroxyzine pamoate
24942 24942,24942,24942
316168 loratadine 5 mg,316168,loratadine 5 mg
316408 omeprazole 20 mg,316408,omeprazole 20 mg
40790 pantoprazole,40790,pantoprazole
315779 dexamethasone 6 mg,315779,dexamethasone 6 mg
330765 rizatriptan 10 mg,330765,rizatriptan 10 mg
1482533 cetirizine hydrochloride 1 mg/ml oral solution [wal zyr 24 hour allergy],1482533,cetirizine hydrochloride 1 mg/ml oral solution [wal zyr 24 hour allergy]
1801257 astelin nasal product,1801257,astelin nasal product
312831 risperidone 2 mg oral tablet,312831,risperidone 2 mg oral tablet
1170145 benadryl itch stopping topical product,1170145,benadryl itch stopping topical product
563783 fluoxetine 20 mg [prozac],563783,fluoxetine 20 mg [prozac]
1117097 zenpep,1117097,zenpep
1159901 1159901,1159901,1159901
1895 calcium,1895,calcium
381228 albuterol / cromolyn inhalant solution,381228,albuterol / cromolyn inhalant solution
134774 remeron,134774,remeron
1295383 methylphenidate chewable product,1295383,methylphenidate chewable product
884190 clonidine hydrochloride 0.3 mg [catapres],884190,clonidine hydrochloride 0.3 mg [catapres]
1795587 fluticasone propionate 0.05 mg/actuat [nasoflow],1795587,fluticasone propionate 0.05 mg/actuat [nasoflow]
6922 metronidazole,6922,metronidazole
1163451 levetiracetam oral product,1163451,levetiracetam oral product
1165012 fexofenadine pill,1165012,fexofenadine pill
856373 trazodone hydrochloride 100 mg oral tablet,856373,trazodone hydrochloride 100 mg oral tablet
1099595 divalproex sodium 125 mg,1099595,divalproex sodium 125 mg
1191 aspirin,1191,aspirin
898698 oleptro,898698,oleptro
42612 cromolyn,42612,cromolyn
1438115 polyethylene glycol 2000000,1438115,polyethylene glycol 2000000
1180394 mapap pill,1180394,mapap pill
202877 202877,202877,202877
1649574 injection,1649574,injection
1186708 tussionex oral liquid product,1186708,tussionex oral liquid product
1182869 nexium oral product,1182869,nexium oral product
310014 dornase alfa 1 mg/ml inhalant solution,310014,dornase alfa 1 mg/ml inhalant solution
598031 fluoxetine delayed release oral capsule [prozac],598031,fluoxetine delayed release oral capsule [prozac]
616830 budesonide 0.125 mg/ml inhalant solution [pulmicort],616830,budesonide 0.125 mg/ml inhalant solution [pulmicort]
854848 lisdexamfetamine dimesylate 60 mg oral capsule [vyvanse],854848,lisdexamfetamine dimesylate 60 mg oral capsule [vyvanse]
856372 trazodone hydrochloride 100 mg,856372,trazodone hydrochloride 100 mg
1162980 sulfamethizole pill,1162980,sulfamethizole pill
190283 flomax,190283,flomax
1183562 pulmozyme inhalant product,1183562,pulmozyme inhalant product
750149 z-pak 6 count pack,750149,z-pak 6 count pack
1655929 orkambi,1655929,orkambi
1171562 clarinex-d pill,1171562,clarinex-d pill
1162982 sulfamethoxazole / trimethoprim oral liquid product,1162982,sulfamethoxazole / trimethoprim oral liquid product
151390 151390,151390,151390
1162918 polyethylene glycol 3350 / potassium chloride / sodium bicarbonate / sodium chloride / sodium sulfate oral product,1162918,polyethylene glycol 3350 / potassium chloride / sodium bicarbonate / sodium chloride / sodium sulfate oral product
285059 duoneb,285059,duoneb
1175904 dovonex topical product,1175904,dovonex topical product
142431 clomiphene citrate,142431,clomiphene citrate
8727 progesterone,8727,progesterone
900606 cetirizine / pseudoephedrine extended release oral tablet [aller-tec d],900606,cetirizine / pseudoephedrine extended release oral tablet [aller-tec d]
1099565 24 hr divalproex sodium 250 mg extended release oral tablet [depakote],1099565,24 hr divalproex sodium 250 mg extended release oral tablet [depakote]
312644 progesterone 50 mg/ml injectable solution,312644,progesterone 50 mg/ml injectable solution
854875 zolpidem tartrate 10 mg oral tablet [ambien],854875,zolpidem tartrate 10 mg oral tablet [ambien]
574665 progesterone 100 mg [prometrium],574665,progesterone 100 mg [prometrium]
568885 sertraline 50 mg [zoloft],568885,sertraline 50 mg [zoloft]
876693 ondansetron 8 mg disintegrating oral tablet [zofran],876693,ondansetron 8 mg disintegrating oral tablet [zofran]
1297043 zofran disintegrating oral product,1297043,zofran disintegrating oral product
220343 topamax,220343,topamax
3081 3081,3081,3081
197380 atenolol 25 mg oral tablet,197380,atenolol 25 mg oral tablet
596918 lansoprazole 15 mg delayed release oral capsule [prevacid],596918,lansoprazole 15 mg delayed release oral capsule [prevacid]
485555 progesterone 50 mg vaginal suppository,485555,progesterone 50 mg vaginal suppository
5487 hydrochlorothiazide,5487,hydrochlorothiazide
1180930 lovenox injectable product,1180930,lovenox injectable product
202991 lasix,202991,lasix
372803 metformin oral tablet,372803,metformin oral tablet
861206 861206,861206,861206
1174445 cymbalta oral product,1174445,cymbalta oral product
215928 celexa,215928,celexa
86009 insulin lispro,86009,insulin lispro
763597 folic acid 0.8 mg / vitamin b 12 1 mg disintegrating oral tablet,763597,folic acid 0.8 mg / vitamin b 12 1 mg disintegrating oral tablet
52175 losartan,52175,losartan
484321 insulin detemir injectable solution,484321,insulin detemir injectable solution
17767 17767,17767,17767
284799 nexium,284799,nexium
1174987 lamictal pill,1174987,lamictal pill
6876 methyldopa,6876,methyldopa
373658 propylthiouracil oral tablet,373658,propylthiouracil oral tablet
1187947 wellbutrin pill,1187947,wellbutrin pill
847673 24 hr levetiracetam 750 mg extended release oral tablet [keppra],847673,24 hr levetiracetam 750 mg extended release oral tablet [keppra]
310273 famotidine 20 mg oral tablet,310273,famotidine 20 mg oral tablet
308182 amoxicillin 250 mg oral capsule,308182,amoxicillin 250 mg oral capsule
"631657 insulin human, rdna origin",631657,"insulin human, rdna origin"
750229 amlodipine 5 mg / atorvastatin 20 mg [caduet],750229,amlodipine 5 mg / atorvastatin 20 mg [caduet]
377798 progesterone vaginal cream,377798,progesterone vaginal cream
t125 hormone,t125,hormone
1170018 keflex oral product,1170018,keflex oral product
104895 ondansetron 4 mg oral tablet [zofran],104895,ondansetron 4 mg oral tablet [zofran]
114194 warfarin sodium,114194,warfarin sodium
729929 24 hr venlafaxine 75 mg extended release oral capsule [effexor],729929,24 hr venlafaxine 75 mg extended release oral capsule [effexor]
707573 folic acid / vitamin b 12 / vitamin b6 oral tablet [foltabs],707573,folic acid / vitamin b 12 / vitamin b6 oral tablet [foltabs]
19860 butalbital,19860,butalbital
"311052 insulin pork, isophane 100 unt/ml injectable suspension",311052,"insulin pork, isophane 100 unt/ml injectable suspension"
366435 progesterone oral capsule [prometrium],366435,progesterone oral capsule [prometrium]
212549 amlodipine 5 mg oral tablet [norvasc],212549,amlodipine 5 mg oral tablet [norvasc]
9230 reglan,9230,reglan
37418 37418,37418,37418
1162135 hydrochlorothiazide / pindolol pill,1162135,hydrochlorothiazide / pindolol pill
993837 acetaminophen 300 mg / codeine phosphate 30 mg oral tablet [tylenol with codeine],993837,acetaminophen 300 mg / codeine phosphate 30 mg oral tablet [tylenol with codeine]
1251720 progesterone 300 mg vaginal suppository,1251720,progesterone 300 mg vaginal suppository
8787 propranolol,8787,propranolol
203423 203423,203423,203423
315429 aspirin 75 mg,315429,aspirin 75 mg
225036 lovenox,225036,lovenox
569222 thyroid (usp) 90 mg [armour thyroid],569222,thyroid (usp) 90 mg [armour thyroid]
966171 levothyroxine sodium 0.075 mg oral tablet [synthroid],966171,levothyroxine sodium 0.075 mg oral tablet [synthroid]
40144 levothyroxine sodium,40144,levothyroxine sodium
854882 zolpidem tartrate 12.5 mg extended release oral tablet [ambien],854882,zolpidem tartrate 12.5 mg extended release oral tablet [ambien]
151228 topiramate 100 mg oral tablet [topamax],151228,topiramate 100 mg oral tablet [topamax]
213345 citalopram 40 mg oral tablet [celexa],213345,citalopram 40 mg oral tablet [celexa]
1653497 insulin glargine pen injector,1653497,insulin glargine pen injector
208545 thyroid (usp) 120 mg oral tablet,208545,thyroid (usp) 120 mg oral tablet
131725 ambien,131725,ambien
1188161 zofran pill,1188161,zofran pill
314077 lisinopril 20 mg oral tablet,314077,lisinopril 20 mg oral tablet
966190 levothyroxine sodium 0.125 mg oral tablet [levoxyl],966190,levothyroxine sodium 0.125 mg oral tablet [levoxyl]
151827 glucophage,151827,glucophage
1182456 protonix pill,1182456,protonix pill
284743 284743,284743,284743
904602 sotalol hydrochloride 80 mg [betapace],904602,sotalol hydrochloride 80 mg [betapace]
1180482 nausea control oral product,1180482,nausea control oral product
1170769 armour thyroid pill,1170769,armour thyroid pill
1437270 thyroid (usp) 130 mg [wp thyroid],1437270,thyroid (usp) 130 mg [wp thyroid]
1154706 bisoprolol oral product,1154706,bisoprolol oral product
892245 levothyroxine sodium 0.1 mg,892245,levothyroxine sodium 0.1 mg
1738482 paroxetine hydrochloride 10 mg,1738482,paroxetine hydrochloride 10 mg
4100 estrogens,4100,estrogens
104896 ondansetron 8 mg oral tablet [zofran],104896,ondansetron 8 mg oral tablet [zofran]
6813 methadone,6813,methadone
153165 lipitor,153165,lipitor
218001 levothroid,218001,levothroid
316156 lisinopril 5 mg,316156,lisinopril 5 mg
249790 progesterone 200 mg vaginal suppository,249790,progesterone 200 mg vaginal suppository
1148107 azithromycin 500 mg oral tablet 6 count pack,1148107,azithromycin 500 mg oral tablet 6 count pack
352273 escitalopram 20 mg oral tablet [lexapro],352273,escitalopram 20 mg oral tablet [lexapro]
1182922 paxil pill,1182922,paxil pill
993564 24 hr bupropion hydrochloride 300 mg extended release oral tablet [wellbutrin],993564,24 hr bupropion hydrochloride 300 mg extended release oral tablet [wellbutrin]
643075 prezista,643075,prezista
966205 levothyroxine sodium 0.175 mg oral tablet [synthroid],966205,levothyroxine sodium 0.175 mg oral tablet [synthroid]
"365672 insulin, isophane / regular insulin, human injectable suspension [novolin]",365672,"insulin, isophane / regular insulin, human injectable suspension [novolin]"
374412 progesterone injectable solution,374412,progesterone injectable solution
262140 prometrium,262140,prometrium
966282 levothyroxine sodium 0.088 mg oral tablet [synthroid],966282,levothyroxine sodium 0.088 mg oral tablet [synthroid]
224913 224913,224913,224913
966357 levothyroxine sodium 0.175 mg [synthroid],966357,levothyroxine sodium 0.175 mg [synthroid]
104849 fluoxetine 20 mg oral capsule [prozac],104849,fluoxetine 20 mg oral capsule [prozac]
966200 levothyroxine sodium 0.15 mg oral tablet [levoxyl],966200,levothyroxine sodium 0.15 mg oral tablet [levoxyl]
151692 effexor,151692,effexor
896189 fluticasone / salmeterol dry powder inhaler [advair],896189,fluticasone / salmeterol dry powder inhaler [advair]
1185574 levoxyl pill,1185574,levoxyl pill
1183593 rhinocort nasal product,1183593,rhinocort nasal product
1186073 synthroid oral product,1186073,synthroid oral product
1187169 vistaril oral product,1187169,vistaril oral product
314000 glyburide 1.5 mg oral tablet,314000,glyburide 1.5 mg oral tablet
966201 levothyroxine sodium 0.15 mg oral tablet [synthroid],966201,levothyroxine sodium 0.15 mg oral tablet [synthroid]
896780 labetalol hydrochloride 200 mg [trandate],896780,labetalol hydrochloride 200 mg [trandate]
262080 progesterone 100 mg oral capsule [prometrium],262080,progesterone 100 mg oral capsule [prometrium]
108780 valacyclovir 500 mg oral tablet [valtrex],108780,valacyclovir 500 mg oral tablet [valtrex]
1430121 paroxetine oral capsule,1430121,paroxetine oral capsule
854242 0.8 ml enoxaparin sodium 100 mg/ml prefilled syringe [lovenox],854242,0.8 ml enoxaparin sodium 100 mg/ml prefilled syringe [lovenox]
966315 levothyroxine sodium 0.075 mg [levo-t],966315,levothyroxine sodium 0.075 mg [levo-t]
1188160 zofran oral product,1188160,zofran oral product
5224 heparin,5224,heparin
1167771 imitrex oral product,1167771,imitrex oral product
1187946 wellbutrin oral product,1187946,wellbutrin oral product
854239 0.6 ml enoxaparin sodium 100 mg/ml prefilled syringe [lovenox],854239,0.6 ml enoxaparin sodium 100 mg/ml prefilled syringe [lovenox]
2002 2002,2002,2002
865575 865575,865575,865575
1162288 progesterone injectable product,1162288,progesterone injectable product
128793 vicodin,128793,vicodin
3407 3407,3407,3407
1185570 levothroid pill,1185570,levothroid pill
1296320 suboxone oral strip product,1296320,suboxone oral strip product
966362 levothyroxine sodium 0.2 mg [levothroid],966362,levothyroxine sodium 0.2 mg [levothroid]
"1654861 insulin, isophane pen injector",1654861,"insulin, isophane pen injector"
198175 propylthiouracil 50 mg oral tablet,198175,propylthiouracil 50 mg oral tablet
370666 hyoscyamine oral tablet,370666,hyoscyamine oral tablet
206765 lisinopril 10 mg oral tablet [prinivil],206765,lisinopril 10 mg oral tablet [prinivil]
1161587 labetalol pill,1161587,labetalol pill
1243829 metformin hydrochloride 1000 mg / sitagliptin 100 mg [janumet],1243829,metformin hydrochloride 1000 mg / sitagliptin 100 mg [janumet]
827185 ranitidine 300 mg oral tablet [zantac],827185,ranitidine 300 mg oral tablet [zantac]
144254 lortab,144254,lortab
748857 yasmin 28 day pack,748857,yasmin 28 day pack
316600 progesterone 50 mg/ml,316600,progesterone 50 mg/ml
259586 ferrous sulfate 134 mg oral tablet,259586,ferrous sulfate 134 mg oral tablet
1173220 effexor pill,1173220,effexor pill
979471 hydrochlorothiazide 25 mg / losartan potassium 100 mg oral tablet,979471,hydrochlorothiazide 25 mg / losartan potassium 100 mg oral tablet
308979 carbamazepine 200 mg oral tablet,308979,carbamazepine 200 mg oral tablet
615185 duloxetine 60 mg [cymbalta],615185,duloxetine 60 mg [cymbalta]
32937 32937,32937,32937
360542 progesterone 400 mg,360542,progesterone 400 mg
1189693 levothyroxine sodium 0.7 mg oral tablet [thyro-tabs],1189693,levothyroxine sodium 0.7 mg oral tablet [thyro-tabs]
82000 colace,82000,colace
966191 levothyroxine sodium 0.125 mg oral tablet [synthroid],966191,levothyroxine sodium 0.125 mg oral tablet [synthroid]
966271 levothyroxine sodium 0.137 mg oral tablet [synthroid],966271,levothyroxine sodium 0.137 mg oral tablet [synthroid]
1362 diphenhydramine hydrochloride,1362,diphenhydramine hydrochloride
"247512 insulin human, isophane 80 unt/ml / regular insulin, human 20 unt/ml injectable suspension",247512,"insulin human, isophane 80 unt/ml / regular insulin, human 20 unt/ml injectable suspension"
966355 levothyroxine sodium 0.175 mg [levothroid],966355,levothyroxine sodium 0.175 mg [levothroid]
495430 truvada,495430,truvada
892263 levothyroxine sodium 0.5 mg oral tablet,892263,levothyroxine sodium 0.5 mg oral tablet
749853 749853,749853,749853
1162945 propylthiouracil pill,1162945,propylthiouracil pill
1007890 levothyroxine / potassium iodide,1007890,levothyroxine / potassium iodide
856891 hydrocodone bitartrate 10 mg,856891,hydrocodone bitartrate 10 mg
"1000352 estrogens, conjugated (usp) 0.45 mg / medroxyprogesterone acetate 1.5 mg oral tablet",1000352,"estrogens, conjugated (usp) 0.45 mg / medroxyprogesterone acetate 1.5 mg oral tablet"
94648 ondansetron injectable solution [zofran],94648,ondansetron injectable solution [zofran]
1652237 insulin lispro 200 unt/ml,1652237,insulin lispro 200 unt/ml
7052 morphine,7052,morphine
373265 penicillin v oral solution,373265,penicillin v oral solution
202559 imuran,202559,imuran
6185 labetalol,6185,labetalol
568505 nifedipine 10 mg [procardia],568505,nifedipine 10 mg [procardia]
1171958 golytely oral product,1171958,golytely oral product
207265 metoclopramide 5 mg oral tablet [reglan],207265,metoclopramide 5 mg oral tablet [reglan]
855183 tolterodine tartrate 2 mg [detrol],855183,tolterodine tartrate 2 mg [detrol]
614348 metformin / rosiglitazone,614348,metformin / rosiglitazone
1167769 imitrex injectable product,1167769,imitrex injectable product
281 acyclovir,281,acyclovir
966352 levothyroxine sodium 0.15 mg [synthroid],966352,levothyroxine sodium 0.15 mg [synthroid]
366504 nitrofurantoin oral capsule [macrobid],366504,nitrofurantoin oral capsule [macrobid]
218986 oxycontin,218986,oxycontin
1176894 tums oral product,1176894,tums oral product
197116 197116,197116,197116
966180 levothyroxine sodium 0.1 mg oral tablet [levothroid],966180,levothyroxine sodium 0.1 mg oral tablet [levothroid]
1161611 metformin pill,1161611,metformin pill
966392 levothyroxine sodium 0.175 mg [unithroid],966392,levothyroxine sodium 0.175 mg [unithroid]
854878 zolpidem tartrate 5 mg oral tablet [ambien],854878,zolpidem tartrate 5 mg oral tablet [ambien]
310490 glipizide 5 mg oral tablet,310490,glipizide 5 mg oral tablet
114228 paxil,114228,paxil
10368 terbutaline,10368,terbutaline
7417 7417,7417,7417
896757 labetalol hydrochloride 100 mg,896757,labetalol hydrochloride 100 mg
6918 6918,6918,6918
603268 sudafed sinus & allergy,603268,sudafed sinus & allergy
284591 citalopram 10 mg oral tablet [celexa],284591,citalopram 10 mg oral tablet [celexa]
999998 amlodipine 5 mg / hydrochlorothiazide 12.5 mg / olmesartan medoxomil 40 mg [tribenzor],999998,amlodipine 5 mg / hydrochlorothiazide 12.5 mg / olmesartan medoxomil 40 mg [tribenzor]
966185 levothyroxine sodium 0.112 mg oral tablet [synthroid],966185,levothyroxine sodium 0.112 mg oral tablet [synthroid]
8794 propylthiouracil,8794,propylthiouracil
861063 sertraline 20 mg/ml,861063,sertraline 20 mg/ml
345858 nifedipine 90 mg,345858,nifedipine 90 mg
1179604 reglan pill,1179604,reglan pill
4832 glucagon,4832,glucagon
1297024 suboxone sublingual product,1297024,suboxone sublingual product
216076 claritin-d,216076,claritin-d
10369 10369,10369,10369
1169753 flexeril pill,1169753,flexeril pill
1174986 lamictal oral product,1174986,lamictal oral product
202462 plaquenil,202462,plaquenil
261287 fluoxetine 40 mg oral capsule [prozac],261287,fluoxetine 40 mg oral capsule [prozac]
104838 tranylcypromine 10 mg oral tablet [parnate],104838,tranylcypromine 10 mg oral tablet [parnate]
1310202 acetaminophen 300 mg / hydrocodone bitartrate 5 mg oral tablet [vicodin],1310202,acetaminophen 300 mg / hydrocodone bitartrate 5 mg oral tablet [vicodin]
1652242 3 ml insulin lispro 200 unt/ml pen injector [humalog],1652242,3 ml insulin lispro 200 unt/ml pen injector [humalog]
1185116 norco pill,1185116,norco pill
208544 thyroid (usp) 120 mg oral tablet [armour thyroid],208544,thyroid (usp) 120 mg oral tablet [armour thyroid]
1602745 thyroxine pill,1602745,thyroxine pill
966237 levothyroxine sodium 0.125 mg oral tablet [unithroid],966237,levothyroxine sodium 0.125 mg oral tablet [unithroid]
1185207 pepcid pill,1185207,pepcid pill
373991 sulfasalazine oral tablet,373991,sulfasalazine oral tablet
1804028 methadone hydrochloride 10 mg/ml [methadose],1804028,methadone hydrochloride 10 mg/ml [methadose]
993527 bupropion hydrochloride 150 mg [wellbutrin],993527,bupropion hydrochloride 150 mg [wellbutrin]
141927 alprazolam 0.25 mg oral tablet [xanax],141927,alprazolam 0.25 mg oral tablet [xanax]
1174446 cymbalta pill,1174446,cymbalta pill
1295826 maxalt disintegrating oral product,1295826,maxalt disintegrating oral product
5093 5093,5093,5093
1049623 oxycodone hydrochloride 5 mg oral tablet [roxicodone],1049623,oxycodone hydrochloride 5 mg oral tablet [roxicodone]
903281 levothyroxine sodium 0.0125 mg,903281,levothyroxine sodium 0.0125 mg
857007 acetaminophen 325 mg / hydrocodone bitartrate 7.5 mg oral tablet [norco],857007,acetaminophen 325 mg / hydrocodone bitartrate 7.5 mg oral tablet [norco]
1179488 phenergan pill,1179488,phenergan pill
876690 ondansetron 4 mg disintegrating oral tablet [zofran],876690,ondansetron 4 mg disintegrating oral tablet [zofran]
331960 folic acid 0.8 mg/ml,331960,folic acid 0.8 mg/ml
582670 etanercept 50 mg/ml,582670,etanercept 50 mg/ml
370619 atenolol oral tablet,370619,atenolol oral tablet
373616 progesterone oral capsule,373616,progesterone oral capsule
856907 acetaminophen 500 mg / hydrocodone bitartrate 5 mg oral tablet [vicodin],856907,acetaminophen 500 mg / hydrocodone bitartrate 5 mg oral tablet [vicodin]
593441 lyrica,593441,lyrica
1314231 pyridoxine dipalmitate,1314231,pyridoxine dipalmitate
1172174 asthmahaler inhalant product,1172174,asthmahaler inhalant product
1053344 magnesium sulfate 1000 mg,1053344,magnesium sulfate 1000 mg
568875 sertraline 100 mg [zoloft],568875,sertraline 100 mg [zoloft]
197388 azathioprine 50 mg oral tablet,197388,azathioprine 50 mg oral tablet
619323 folic acid / vitamin b 12 oral tablet [foltrate],619323,folic acid / vitamin b 12 oral tablet [foltrate]
896777 labetalol hydrochloride 100 mg oral tablet [trandate],896777,labetalol hydrochloride 100 mg oral tablet [trandate]
608796 omeprazole 20 mg delayed release oral tablet [prilosec],608796,omeprazole 20 mg delayed release oral tablet [prilosec]
763308 pantoprazole 40 mg oral granules [protonix],763308,pantoprazole 40 mg oral granules [protonix]
220586 tylenol with codeine,220586,tylenol with codeine
1179487 phenergan oral product,1179487,phenergan oral product
854236 0.4 ml enoxaparin sodium 100 mg/ml prefilled syringe [lovenox],854236,0.4 ml enoxaparin sodium 100 mg/ml prefilled syringe [lovenox]
1187315 tylenol pill,1187315,tylenol pill
1169008 flagyl pill,1169008,flagyl pill
806516 folic acid / polysaccharide iron complex / vitamin b 12 oral solution [hemocyte-f elixir],806516,folic acid / polysaccharide iron complex / vitamin b 12 oral solution [hemocyte-f elixir]
866307 12 hr carbamazepine 400 mg extended release oral tablet [tegretol],866307,12 hr carbamazepine 400 mg extended release oral tablet [tegretol]
316959 nasal inhalant,316959,nasal inhalant
482574 cymbalta,482574,cymbalta
997515 24 hr fexofenadine hydrochloride 180 mg / pseudoephedrine hydrochloride 240 mg extended release oral tablet [allegra-d],997515,24 hr fexofenadine hydrochloride 180 mg / pseudoephedrine hydrochloride 240 mg extended release oral tablet [allegra-d]
1371192 aripiprazole 200 mg/ml [abilify],1371192,aripiprazole 200 mg/ml [abilify]
243670 aspirin 81 mg oral tablet,243670,aspirin 81 mg oral tablet
846385 lithium oral capsule,846385,lithium oral capsule
575018 citalopram 10 mg [celexa],575018,citalopram 10 mg [celexa]
153638 quetiapine 25 mg oral tablet [seroquel],153638,quetiapine 25 mg oral tablet [seroquel]
196495 pentasa,196495,pentasa
596932 duloxetine 30 mg delayed release oral capsule [cymbalta],596932,duloxetine 30 mg delayed release oral capsule [cymbalta]
1180309 lortab pill,1180309,lortab pill
261547 keppra,261547,keppra
42844 percocet,42844,percocet
966204 levothyroxine sodium 0.175 mg oral tablet [levoxyl],966204,levothyroxine sodium 0.175 mg oral tablet [levoxyl]
209006 calcitriol 0.00025 mg oral capsule [rocaltrol],209006,calcitriol 0.00025 mg oral capsule [rocaltrol]
993510 bupropion hydrochloride 100 mg [wellbutrin],993510,bupropion hydrochloride 100 mg [wellbutrin]
202866 flagyl,202866,flagyl
1161620 methadone oral liquid product,1161620,methadone oral liquid product
1161610 metformin oral product,1161610,metformin oral product
1185573 levoxyl oral product,1185573,levoxyl oral product
1102191 iron-dextran complex 65 mg,1102191,iron-dextran complex 65 mg
175184 fioricet,175184,fioricet
1308384 prenexa pill,1308384,prenexa pill
1495474 acetaminophen 325 mg / hydrocodone bitartrate 5 mg oral tablet [lortab],1495474,acetaminophen 325 mg / hydrocodone bitartrate 5 mg oral tablet [lortab]
6915 6915,6915,6915
566436 fluoxetine 10 mg [prozac],566436,fluoxetine 10 mg [prozac]
1186809 viramune pill,1186809,viramune pill
1186301 xanax pill,1186301,xanax pill
861771 metformin hydrochloride 1000 mg / sitagliptin 50 mg oral tablet [janumet],861771,metformin hydrochloride 1000 mg / sitagliptin 50 mg oral tablet [janumet]
216653 diovan hct,216653,diovan hct
198146 prednisone 2.5 mg oral tablet,198146,prednisone 2.5 mg oral tablet
58927 norvasc,58927,norvasc
966426 levothyroxine sodium 0.05 mg oral capsule [tirosint],966426,levothyroxine sodium 0.05 mg oral capsule [tirosint]
58328 zoladex,58328,zoladex
647554 fluoxetine oral tablet [sarafem],647554,fluoxetine oral tablet [sarafem]
207212 omeprazole 20 mg delayed release oral capsule [prilosec],207212,omeprazole 20 mg delayed release oral capsule [prilosec]
4815 glyburide,4815,glyburide
861765 metformin hydrochloride 1000 mg / rosiglitazone 4 mg oral tablet [avandamet],861765,metformin hydrochloride 1000 mg / rosiglitazone 4 mg oral tablet [avandamet]
992897 promethazine hydrochloride 1 mg/ml,992897,promethazine hydrochloride 1 mg/ml
1152788 clindamycin topical product,1152788,clindamycin topical product
896770 labetalol hydrochloride 5 mg/ml,896770,labetalol hydrochloride 5 mg/ml
316151 lisinopril 10 mg,316151,lisinopril 10 mg
745734 albuterol / ipratropium metered dose inhaler,745734,albuterol / ipratropium metered dose inhaler
1178685 midrin pill,1178685,midrin pill
1162035 folic acid / polysaccharide iron complex / vitamin b 12 oral product,1162035,folic acid / polysaccharide iron complex / vitamin b 12 oral product
1111642 1 ml glatiramer acetate 20 mg/ml prefilled syringe [copaxone],1111642,1 ml glatiramer acetate 20 mg/ml prefilled syringe [copaxone]
329212 sertraline 25 mg,329212,sertraline 25 mg
152490 152490,152490,152490
860974 metformin hydrochloride 500 mg,860974,metformin hydrochloride 500 mg
966334 levothyroxine sodium 0.112 mg [levoxyl],966334,levothyroxine sodium 0.112 mg [levoxyl]
729931 24 hr venlafaxine 150 mg extended release oral capsule [effexor],729931,24 hr venlafaxine 150 mg extended release oral capsule [effexor]
1310179 vicodin pill,1310179,vicodin pill
11103 vaginal cream,11103,vaginal cream
252208 mesalamine 500 mg extended release oral tablet,252208,mesalamine 500 mg extended release oral tablet
1426598 sulfate ion,1426598,sulfate ion
966250 levothyroxine sodium 0.1 mg oral tablet [synthroid],966250,levothyroxine sodium 0.1 mg oral tablet [synthroid]
564583 valacyclovir 500 mg [valtrex],564583,valacyclovir 500 mg [valtrex]
1162224 methimazole pill,1162224,methimazole pill
315281 acyclovir 400 mg,315281,acyclovir 400 mg
1185733 norvasc pill,1185733,norvasc pill
861008 metformin hydrochloride 500 mg oral tablet [glucophage],861008,metformin hydrochloride 500 mg oral tablet [glucophage]
207266 metoclopramide 10 mg oral tablet [reglan],207266,metoclopramide 10 mg oral tablet [reglan]
1008082 terbutaline / theophylline,1008082,terbutaline / theophylline
1165343 losartan pill,1165343,losartan pill
861066 sertraline 20 mg/ml oral solution [zoloft],861066,sertraline 20 mg/ml oral solution [zoloft]
966188 levothyroxine sodium 0.125 mg oral tablet [levo-t],966188,levothyroxine sodium 0.125 mg oral tablet [levo-t]
568696 hydrochlorothiazide 25 mg / lisinopril 20 mg [prinzide],568696,hydrochlorothiazide 25 mg / lisinopril 20 mg [prinzide]
991149 methadone hydrochloride 10 mg/ml oral solution [methadose],991149,methadone hydrochloride 10 mg/ml oral solution [methadose]
235743 metformin hydrochloride,235743,metformin hydrochloride
372591 levonorgestrel oral tablet,372591,levonorgestrel oral tablet
"833158 insulin, aspart, human 50 unt/ml",833158,"insulin, aspart, human 50 unt/ml"
966410 levothyroxine sodium 0.137 mg oral tablet [levo-t],966410,levothyroxine sodium 0.137 mg oral tablet [levo-t]
686430 lialda,686430,lialda
224954 flexeril,224954,flexeril
1167945 levo-t oral product,1167945,levo-t oral product
372554 labetalol oral tablet,372554,labetalol oral tablet
900157 24 hr lamotrigine 200 mg extended release oral tablet [lamictal],900157,24 hr lamotrigine 200 mg extended release oral tablet [lamictal]
1314867 iron-dextran complex injectable solution [uniferon],1314867,iron-dextran complex injectable solution [uniferon]
1744259 5 ml metoprolol tartrate 1 mg/ml cartridge,1744259,5 ml metoprolol tartrate 1 mg/ml cartridge
1168322 fioricet oral product,1168322,fioricet oral product
261360 oxcarbazepine 300 mg oral tablet [trileptal],261360,oxcarbazepine 300 mg oral tablet [trileptal]
361796 albuterol 2.5 mg/actuat,361796,albuterol 2.5 mg/actuat
1173219 effexor oral product,1173219,effexor oral product
574541 progesterone 200 mg [prometrium],574541,progesterone 200 mg [prometrium]
331417 phenobarbital 97.2 mg,331417,phenobarbital 97.2 mg
966247 levothyroxine sodium 0.05 mg oral tablet [synthroid],966247,levothyroxine sodium 0.05 mg oral tablet [synthroid]
1163406 hydrocodone pill,1163406,hydrocodone pill
1181267 plaquenil pill,1181267,plaquenil pill
1166211 celexa pill,1166211,celexa pill
892254 levothyroxine sodium 0.3 mg,892254,levothyroxine sodium 0.3 mg
152699 152699,152699,152699
993545 24 hr bupropion hydrochloride 150 mg extended release oral tablet [wellbutrin],993545,24 hr bupropion hydrochloride 150 mg extended release oral tablet [wellbutrin]
724877 amlodipine 10 mg / valsartan 160 mg [exforge],724877,amlodipine 10 mg / valsartan 160 mg [exforge]
372891 metoprolol oral tablet,372891,metoprolol oral tablet
376656 methylprednisolone injectable solution,376656,methylprednisolone injectable solution
"731281 insulin lispro 50 unt/ml / insulin, protamine lispro, human 50 unt/ml injectable suspension [humalog mix]",731281,"insulin lispro 50 unt/ml / insulin, protamine lispro, human 50 unt/ml injectable suspension [humalog mix]"
105408 prednisolone 2.5 mg delayed release oral tablet,105408,prednisolone 2.5 mg delayed release oral tablet
331520 thyroid (usp) 90 mg,331520,thyroid (usp) 90 mg
218090 218090,218090,218090
905458 levothyroxine sodium 0.075 mg oral capsule,905458,levothyroxine sodium 0.075 mg oral capsule
1187343 valtrex pill,1187343,valtrex pill
"1994308 insulin degludec / insulin, aspart, human injectable product",1994308,"insulin degludec / insulin, aspart, human injectable product"
62356 folate,62356,folate
979493 losartan potassium 50 mg [cozaar],979493,losartan potassium 50 mg [cozaar]
1372270 iron carbonyl 18 mg chewable tablet,1372270,iron carbonyl 18 mg chewable tablet
153668 153668,153668,153668
11124 vancomycin,11124,vancomycin
1049640 acetaminophen 325 mg / oxycodone hydrochloride 5 mg oral tablet [percocet],1049640,acetaminophen 325 mg / oxycodone hydrochloride 5 mg oral tablet [percocet]
606728 esomeprazole 20 mg delayed release oral capsule [nexium],606728,esomeprazole 20 mg delayed release oral capsule [nexium]
"1361852 heparin sodium, porcine 10000 unt/ml",1361852,"heparin sodium, porcine 10000 unt/ml"
1806414 fentanyl transdermal system [ionsys],1806414,fentanyl transdermal system [ionsys]
331490 progesterone 200 mg,331490,progesterone 200 mg
1162058 folic acid oral product,1162058,folic acid oral product
202472 valium,202472,valium
372320 glipizide oral tablet,372320,glipizide oral tablet
"1656759 heparin, porcine injection",1656759,"heparin, porcine injection"
1162290 progesterone pill,1162290,progesterone pill
"1728769 insulin-like growth factor 2, human",1728769,"insulin-like growth factor 2, human"
261440 aciphex,261440,aciphex
476628 folic acid 1 mg / vitamin b 12 0.5 mg oral tablet,476628,folic acid 1 mg / vitamin b 12 0.5 mg oral tablet
541245 omeprazole 20 mg [prilosec],541245,omeprazole 20 mg [prilosec]
452133 progesterone 50 mg,452133,progesterone 50 mg
93574 ibuprofen oral tablet [nuprin],93574,ibuprofen oral tablet [nuprin]
104701 diazepam 10 mg oral tablet [valium],104701,diazepam 10 mg oral tablet [valium]
216511 detrol,216511,detrol
368221 ondansetron oral tablet [zofran],368221,ondansetron oral tablet [zofran]
1170673 ambien pill,1170673,ambien pill
367175 progesterone vaginal gel [prochieve],367175,progesterone vaginal gel [prochieve]
"1362935 heparin sodium, porcine 2 unt/ml injectable solution",1362935,"heparin sodium, porcine 2 unt/ml injectable solution"
284756 kaletra,284756,kaletra
202813 diflucan,202813,diflucan
725093 progesterone vaginal tablet,725093,progesterone vaginal tablet
997422 fexofenadine hydrochloride 180 mg oral tablet [allegra],997422,fexofenadine hydrochloride 180 mg oral tablet [allegra]
97016 vitamin a / vitamin d,97016,vitamin a / vitamin d
1087438 folic acid 1 mg / polysaccharide iron complex 150 mg / vitamin b 12 0.025 mg oral capsule [iferex 150 forte],1087438,folic acid 1 mg / polysaccharide iron complex 150 mg / vitamin b 12 0.025 mg oral capsule [iferex 150 forte]
196498 neurontin,196498,neurontin
1246306 120 actuat budesonide 0.16 mg/actuat / formoterol fumarate 0.0045 mg/actuat metered dose inhaler [symbicort],1246306,120 actuat budesonide 0.16 mg/actuat / formoterol fumarate 0.0045 mg/actuat metered dose inhaler [symbicort]
197691 famotidine 40 mg disintegrating oral tablet,197691,famotidine 40 mg disintegrating oral tablet
1187717 ultram pill,1187717,ultram pill
370537 acyclovir oral tablet,370537,acyclovir oral tablet
220672 unisom,220672,unisom
857669 terbutaline sulfate 7.5 mg,857669,terbutaline sulfate 7.5 mg
1175879 diabeta pill,1175879,diabeta pill
1161586 labetalol oral product,1161586,labetalol oral product
892262 levothyroxine sodium 0.5 mg,892262,levothyroxine sodium 0.5 mg
892266 levothyroxine sodium 0.6 mg,892266,levothyroxine sodium 0.6 mg
860995 metformin hydrochloride 1000 mg,860995,metformin hydrochloride 1000 mg
152535 zovirax,152535,zovirax
619044 folic acid oral tablet,619044,folic acid oral tablet
1098701 folgard,1098701,folgard
1152283 amlodipine / benazepril oral product,1152283,amlodipine / benazepril oral product
8638 prednisolone,8638,prednisolone
204362 soma,204362,soma
"204527 tetanus toxoid vaccine, inactivated 10 unt/ml injectable suspension",204527,"tetanus toxoid vaccine, inactivated 10 unt/ml injectable suspension"
1183387 nifedical pill,1183387,nifedical pill
94591 bupropion oral tablet [wellbutrin],94591,bupropion oral tablet [wellbutrin]
1014631 oxycodone hydrochloride 7.5 mg,1014631,oxycodone hydrochloride 7.5 mg
21949 cyclobenzaprine,21949,cyclobenzaprine
197956 methyldopa 250 mg oral tablet,197956,methyldopa 250 mg oral tablet
373619 progesterone vaginal suppository,373619,progesterone vaginal suppository
215927 celebrex,215927,celebrex
217713 imitrex,217713,imitrex
1177024 oxycontin pill,1177024,oxycontin pill
823971 hydrochlorothiazide 25 mg / lisinopril 20 mg oral tablet [zestoretic],823971,hydrochlorothiazide 25 mg / lisinopril 20 mg oral tablet [zestoretic]
1176452 colace pill,1176452,colace pill
1897 calcium carbonate,1897,calcium carbonate
329445 citalopram 40 mg,329445,citalopram 40 mg
4603 4603,4603,4603
4821 4821,4821,4821
1179489 phenergan rectal product,1179489,phenergan rectal product
402015 omeprazole 40 mg delayed release oral tablet,402015,omeprazole 40 mg delayed release oral tablet
1172608 folplex pill,1172608,folplex pill
895016 morphine sulfate 10 mg/ml oral solution,895016,morphine sulfate 10 mg/ml oral solution
"1656761 heparin, porcine injection [hepflush]",1656761,"heparin, porcine injection [hepflush]"
884751 docosahexaenoate / eicosapentaenoate / omega-3 acid ethyl esters (usp) oral capsule [ocean blue nutritionals omega-3 1450],884751,docosahexaenoate / eicosapentaenoate / omega-3 acid ethyl esters (usp) oral capsule [ocean blue nutritionals omega-3 1450]
24941 24941,24941,24941
"311026 insulin human, isophane 100 unt/ml injectable suspension [humulin n]",311026,"insulin human, isophane 100 unt/ml injectable suspension [humulin n]"
197901 lorazepam 1 mg oral tablet,197901,lorazepam 1 mg oral tablet
373632 promethazine rectal suppository,373632,promethazine rectal suppository
373067 nifedipine oral capsule,373067,nifedipine oral capsule
1187675 zithromax pill,1187675,zithromax pill
6585 magnesium sulfate,6585,magnesium sulfate
830718 docosahexaenoic acid 200 mg / eicosapentaenoic acid 300 mg / vitamin e 5 unt oral capsule,830718,docosahexaenoic acid 200 mg / eicosapentaenoic acid 300 mg / vitamin e 5 unt oral capsule
227528 227528,227528,227528
966541 beclomethasone dipropionate 0.08 mg/actuat [qvar],966541,beclomethasone dipropionate 0.08 mg/actuat [qvar]
202479 ativan,202479,ativan
659877 659877,659877,659877
19552 cefprozil,19552,cefprozil
200353 folic acid 0.8 mg / vitamin b 12 0.115 mg / vitamin b6 10 mg oral tablet,200353,folic acid 0.8 mg / vitamin b 12 0.115 mg / vitamin b6 10 mg oral tablet
6387 lidocaine,6387,lidocaine
203546 203546,203546,203546
1156758 prednisolone pill,1156758,prednisolone pill
1304502 natafort pill,1304502,natafort pill
